g,d,tau,a_noUB,a_UB,sicer_ratio,aw_month,aw_flag
1,1,0.2790608160123159,0.279060816012317,0.279060816012317,0.29899999999999993,2013.68,
1,2,0.34917114234026236,0.28246121785638556,0.28246121785638556,0.29900000000000004,2013.68,
1,3,0.38176894156507013,0.3023088891797939,0.3023088891797939,0.299,2013.68,
1,4,0.3982822404926891,0.3149712645881708,0.3149712645881708,0.299,2013.68,
1,5,0.3964758552732871,0.3244210895137708,0.3244210895137708,0.29900000000000004,2013.68,
1,6,0.40061548806774383,0.33305972041454146,0.33305972041454146,0.299,2013.68,
1,7,0.4077657628945336,0.3431865819281785,0.3431865819281785,0.299,2013.68,
1,8,0.4107764049268664,0.35361826505926464,0.35361826505926464,0.299,2013.68,
1,9,0.3232950041702536,0.358733131106034,0.358733131106034,0.2825482846051573,2013.68,
1,10,0.255154,0.3361211466366759,0.3361211466366759,0.2078077946471972,2013.68,
2,1,0.27906081601231625,0.27906081601231714,0.27906081601231714,0.29900000000000004,2013.68,
2,2,0.4006455695986789,0.28642337023482356,0.28642337023482356,0.29900000000000004,2013.68,
2,3,0.27906081601231814,0.3053411914716698,0.3053411914716698,0.299,2013.68,
2,4,0.31766206815894393,0.3120427859907968,0.3120427859907968,0.29900000000000004,2013.68,
2,5,0.35747206635776363,0.32321694844047133,0.32321694844047133,0.299,2013.68,
2,6,0.37841200307929035,0.3274927115470414,0.3274927115470414,0.299,2013.68,
2,7,0.4043787906081595,0.3378044460056413,0.3378044460056413,0.299,2013.68,
2,8,0.4079351634927194,0.3486238967857649,0.3486238967857649,0.299,2013.68,
2,9,0.3083171130664706,0.35329223337510907,0.35329223337510907,0.28179872583306836,2013.68,
3,1,0.2790608160123146,0.3387785471473994,0.3387785471473994,0.29899999999999993,2013.68,
3,2,0.34917114234026136,0.3266197540381499,0.3266197540381499,0.299,2013.68,
3,3,0.38230122448225123,0.3360733438015666,0.3360733438015666,0.299,2013.68,
3,4,0.3982822404926878,0.3444869781674623,0.3444869781674623,0.29899999999999993,2013.68,
3,5,0.39620635991633724,0.3493578738870853,0.3493578738870853,0.299,2013.68,
3,6,0.4014578776156199,0.35665022189608864,0.35665022189608864,0.299,2013.68,
3,7,0.40776576289453603,0.3630266052177965,0.3630266052177965,0.2989999999999999,2013.68,
3,8,0.41077640492686407,0.3702547858725431,0.3702547858725431,0.29899999999999993,2013.68,
3,9,0.3196070452239319,0.3715599489908886,0.3715599489908886,0.2821690330831391,2013.68,
3,10,0.26651599999999787,0.33231344720592204,0.33231344720592204,0.1702152965690303,2013.68,
4,1,0.27906081601231825,0.27906081601231714,0.27906081601231714,0.299,2013.68,
4,2,0.27906081601231847,0.27906081601231714,0.27906081601231714,0.29899999999999993,2013.68,
4,3,0.3309943910700529,0.28398673289008647,0.28398673289008647,0.299,2013.68,
4,4,0.36490912162670874,0.2917998825014463,0.2917998825014463,0.29899999999999993,2013.68,
4,5,0.3919598922247889,0.30453065416701386,0.30453065416701386,0.29899999999999993,2013.68,
4,6,0.3964758552732869,0.3142333453961663,0.3142333453961663,0.299,2013.68,
4,7,0.40061548806774516,0.3245299009953122,0.3245299009953122,0.299,2013.68,
4,8,0.4077657628945345,0.33795460659569,0.33795460659569,0.29900000000000004,2013.68,
4,9,0.33257556609784467,0.34487334009111603,0.34487334009111603,0.29015440633221584,2013.68,
4,10,0.24857600000000002,0.32571231443509996,0.32571231443509996,0.21620405392996986,2013.68,
5,1,0.3001353102386448,0.39422919530430933,0.39422919530430933,0.299,2013.68,
5,2,0.2880970866847228,0.3442662715436884,0.3442662715436884,0.29900000000000004,2013.68,
5,3,0.36000910874738934,0.3405376587034451,0.3405376587034451,0.299,2013.68,
5,4,0.3783641257805561,0.34489764159583713,0.34489764159583713,0.299,2013.68,
5,5,0.39647585527328666,0.35053859844764435,0.35053859844764435,0.2989999999999999,2013.68,
5,6,0.4006154880677436,0.35629083700038267,0.35629083700038267,0.29899999999999993,2013.68,
5,7,0.4077657628945379,0.3634284870153257,0.3634284870153257,0.2989999999999999,2013.68,
5,8,0.4107764049268674,0.3708613014967693,0.3708613014967693,0.29900000000000004,2013.68,
5,9,0.3436943304117239,0.3721633900311795,0.3721633900311795,0.28506121418879665,2013.68,
5,10,0.2614047121889117,0.33559687565525853,0.33559687565525853,0.1798402909694196,2013.68,
6,1,0.2790608160123188,0.279060816012317,0.279060816012317,0.299,2013.68,
6,2,0.4741290652112302,0.27906081601231714,0.27906081601231714,0.29899999999999993,2013.68,
6,3,0.2790608160123188,0.30578730278936117,0.30578730278936117,0.299,2013.68,
6,4,0.4293282648190905,0.31304687746640736,0.31304687746640736,0.299,2013.68,
6,5,0.3318548754162943,0.3178049836217285,0.3178049836217285,0.299,2013.68,
6,6,0.37841200307929435,0.3231149636449707,0.3231149636449707,0.299,2013.68,
6,7,0.40198560568833297,0.33201654378435097,0.33201654378435097,0.299,2013.68,
6,8,0.4077657628945329,0.3426700283657973,0.3426700283657973,0.29900000000000004,2013.68,
6,9,0.33410817119902925,0.3483336385764032,0.3483336385764032,0.28510604787781074,2013.68,
6,10,0.2580441828148554,0.3197386132115453,0.3197386132115453,0.18645668861115938,2013.68,
7,1,0.27906081601231314,0.34616908968482785,0.34616908968482785,0.299,2013.68,
7,2,0.3491711423402597,0.3269675170474897,0.3269675170474897,0.29899999999999993,2013.68,
7,3,0.382406285912809,0.3360523737707063,0.3360523737707063,0.299,2013.68,
7,4,0.3982822404926881,0.34422767952352984,0.34422767952352984,0.29899999999999993,2013.68,
7,5,0.39647585527329277,0.3498058653381336,0.3498058653381336,0.299,2013.68,
7,6,0.4006154880677414,0.3562460340852728,0.3562460340852728,0.299,2013.68,
7,7,0.4077657628945348,0.36275323473463983,0.36275323473463983,0.29900000000000004,2013.68,
7,8,0.4107764049268664,0.3703012838733468,0.3703012838733468,0.299,2013.68,
7,9,0.327991136618234,0.3717414265731377,0.3717414265731377,0.28303745173688444,2013.68,
7,10,0.2551540000000001,0.3437412418521737,0.3437412418521737,0.2028631023315291,2013.68,
8,1,0.2790608160123176,0.27906081601231725,0.27906081601231725,0.299,2013.68,
8,2,0.279060816012319,0.27906081601231725,0.27906081601231725,0.29900000000000004,2013.68,
8,3,0.3309943910700538,0.28335664488312085,0.28335664488312085,0.299,2013.68,
8,4,0.37123783360810414,0.2923694665797717,0.2923694665797717,0.299,2013.68,
8,5,0.3795120764190558,0.3001468933581237,0.3001468933581237,0.299,2013.68,
8,6,0.3923845322953682,0.31138151619981025,0.31138151619981025,0.299,2013.68,
8,7,0.40150928427993426,0.3260494375251133,0.3260494375251133,0.299,2013.68,
8,9,0.334118519202235,0.3444370525115381,0.3444370525115381,0.28510268267386163,2013.68,
8,10,0.2628414444343775,0.3125360649603778,0.3125360649603778,0.1686342461931489,2013.68,
9,1,0.2790608160123317,0.37953607925198996,0.37953607925198996,0.299,2013.68,
9,2,0.314983464029822,0.3428602209445456,0.3428602209445456,0.2989999999999999,2013.68,
9,3,0.35814007579189666,0.3406826809443103,0.3406826809443103,0.29899999999999993,2013.68,
9,4,0.3738960400307909,0.3446425226060287,0.3446425226060287,0.299,2013.68,
9,5,0.396475855273284,0.35060674775551603,0.35060674775551603,0.299,2013.68,
9,6,0.40156163247579524,0.3566857583259385,0.3566857583259385,0.299,2013.68,
9,7,0.4077657628945395,0.3633676257020261,0.3633676257020261,0.29900000000000004,2013.68,
9,8,0.4107764049268652,0.37080600493663207,0.37080600493663207,0.299,2013.68,
9,9,0.32933577959849003,0.3717709460511831,0.3717709460511831,0.28317882156584,2013.68,
9,10,0.26651600000000497,0.3327549053225203,0.3327549053225203,0.1715532502566734,2013.68,
10,1,0.2790608160123158,0.27906081601231714,0.27906081601231714,0.299,2013.68,
10,2,0.31913158137420605,0.28872588337596194,0.28872588337596194,0.299,2013.68,
10,3,0.46585476360465294,0.30459231023625777,0.30459231023625777,0.299,2013.68,
10,4,0.4293282648190909,0.3123301690458754,0.3123301690458754,0.299,2013.68,
10,5,0.33099439107005546,0.31777240942718443,0.31777240942718443,0.299,2013.68,
10,6,0.3784120030792908,0.3243879381508493,0.3243879381508493,0.299,2013.68,
10,7,0.37986443254183466,0.3259368204650491,0.3259368204650491,0.299,2013.68,
10,8,0.40776576289453603,0.342759723621485,0.342759723621485,0.299,2013.68,
10,9,0.3559385895688988,0.3489133450228802,0.3489133450228802,0.2943824239612551,2013.68,
10,10,0.2713,0.30422652213534507,0.30422652213534507,0.12463483596276766,2013.68,
