country,decile,marginal_tax_rate,participation_tax_rate
DK,1,52.6,77.67334448454969
DK,2,52.8,73.09262963289021
DK,3,53.0,68.27766704815565
DK,4,53.6,69.71454705519852
DK,5,52.6,64.21402060040495
DK,6,52.5,63.91507350999207
DK,7,57.7,62.89368254247732
DK,8,61.2,61.608645127211894
DK,9,63.1,59.480825776916966
DK,10,63.2,60.160487718989344
FI,1,53.8,60.11165912031049
FI,2,56.0,61.181722994825364
FI,3,55.7,60.25016979301423
FI,4,59.2,59.55016979301424
FI,5,59.6,60.87290386481242
FI,6,59.7,60.97986133570505
FI,7,60.0,59.56060599935318
FI,8,61.7,60.27104220569212
FI,9,64.0,60.69377627749031
FI,10,65.5,61.6953933538163
SW,1,57.4,69.07891746031746
SW,2,55.3,66.50989523809524
SW,3,55.1,65.26336984126984
SW,4,53.2,64.27373492063492
SW,5,52.9,63.19269841269841
SW,6,58.0,61.61684444444444
SW,7,64.0,61.0841
SW,8,65.3,60.73757460317461
SW,9,67.0,60.18763333333334
SW,10,66.9,61.14464126984127
AT,1,36.0,38.46085643005901
AT,2,46.1,48.428409232905246
AT,3,54.9,53.83609999132246
AT,4,53.3,57.227739595626524
AT,5,53.7,56.8819197934745
AT,6,54.8,56.12773959562652
AT,7,55.4,56.73743926587991
AT,8,57.4,56.04713893613329
AT,9,58.3,58.39429801284277
AT,10,44.5,54.21637590246443
BE,1,53.9,60.05871860778227
BE,2,63.8,66.30848215775946
BE,3,63.2,68.68392362386086
BE,4,63.5,66.05877646849373
BE,5,63.9,67.25536046110537
BE,6,62.8,65.48221562016668
BE,7,65.6,65.90565477183964
BE,8,65.3,65.151944453717
BE,9,67.1,65.6290939235126
BE,10,69.4,65.15824570773665
FR,1,43.3,61.949723747959695
FR,2,67.9,66.91038314722215
FR,3,58.5,67.99047734711678
FR,4,51.3,67.17896803292138
FR,5,51.4,65.68160986173366
FR,6,53.0,65.11302497603441
FR,7,52.6,64.78736451883135
FR,8,53.3,64.16170406162828
FR,9,55.1,64.27321337582369
FR,10,59.9,64.92189246141756
GE,1,57.9,45.327228335969366
GE,2,60.5,59.92132273370515
GE,3,62.5,63.75312295013735
GE,4,61.9,66.4045993507034
GE,5,62.5,66.49017564305336
GE,6,62.3,66.2662404062266
GE,7,62.6,65.41771680679264
GE,8,62.7,66.52132273370516
GE,9,60.1,65.92788146174978
GE,10,50.6,61.7721460084908
LU,1,33.1,26.166611073507518
LU,2,36.5,35.33156680655206
LU,3,36.3,35.53461313117639
LU,4,37.4,40.218686015974015
LU,5,37.0,41.51563969134967
LU,6,38.6,45.59541897928794
LU,7,44.4,44.6825381887099
LU,8,46.6,44.322427832679026
LU,9,50.3,45.272151942601866
LU,10,46.9,46.47464648707189
NL,1,44.9,48.12127710843374
NL,2,49.4,51.2697313253012
NL,3,54.0,53.56637710843374
NL,4,53.1,54.39011927710844
NL,5,52.3,54.95031325301205
NL,6,49.8,54.21386144578314
NL,7,52.2,54.05031325301205
NL,8,55.3,51.201151807228904
NL,9,51.5,50.717215662650595
NL,10,53.9,51.473085542168675
GR,1,16.8,22.030650620465487
GR,2,29.0,31.027788145590417
GR,3,37.6,38.620625039870795
GR,4,38.8,39.51604092895151
GR,5,37.0,37.830367140390756
GR,6,42.0,40.747272346630346
GR,7,44.8,41.722630155989734
GR,8,46.6,44.044119473148605
GR,9,47.6,45.92005116118939
GR,10,36.5,44.45443545234997
IR,1,28.9,59.98117331510247
IR,2,35.9,60.20826592683275
IR,3,42.8,56.92485004054247
IR,4,50.1,54.18065186733867
IR,5,44.2,54.21601040590171
IR,6,43.4,53.209934790212564
IR,7,49.2,53.65966100131961
IR,8,50.1,52.44198173203809
IR,9,48.5,51.3154628281158
IR,10,48.1,50.047509769941335
IT,1,44.1,44.379905201786926
IT,2,50.4,45.61391231165291
IT,3,53.7,45.94324248504581
IT,4,51.7,46.86258450821534
IT,5,54.5,46.87724959491179
IT,6,54.4,47.47724959491179
IT,7,58.3,47.78458213826001
IT,8,58.7,48.855251964867115
IT,9,56.4,48.96991705156356
IT,10,58.5,50.6599289013402
PT,1,37.5,51.980502883650935
PT,2,38.0,46.41959816950852
PT,3,41.0,48.23915591775326
PT,4,40.9,48.46958806419257
PT,5,40.0,47.6000202106319
PT,6,40.7,47.83045235707121
PT,7,43.0,47.74675384904714
PT,8,45.2,48.31957795887662
PT,9,47.5,49.0652261785356
PT,10,52.8,53.21087439819458
SP,1,6.5,36.86183198512473
SP,2,23.2,38.23101478367231
SP,3,26.2,41.2156277935014
SP,4,26.8,42.99254422102284
SP,5,28.1,43.6848476387152
SP,6,26.0,44.58484146427083
SP,7,29.3,45.461751717347894
SP,8,29.7,44.207875641194406
SP,9,30.8,44.14629680828891
SP,10,40.0,40.70009261666557
UK,1,29.0,29.10291121190548
UK,2,39.4,35.067494295446956
UK,3,41.8,41.46856510935851
UK,4,45.3,42.54882210469729
UK,5,39.7,43.65901485120137
UK,6,37.7,42.02907910003606
UK,7,37.4,43.73927184654014
UK,8,37.4,42.6193146790966
UK,9,32.5,41.579400344209525
UK,10,42.3,40.799571674435384
