,Enter Labor Supply Elasticities in the Shaded Area,,,,,,,,,,,,,,,,,,,,,
,,,Hours-of-work Elasticities,,,,,,,,,,Participation Elasticities,,,,,,,,,
,Demographic Group,,Earnings Deciles,,,,,,,,,,Earnings Deciles,,,,,,,,,
,,,1.0,2.0,3.0,4.0,5.0,6.0,7.0,8.0,9.0,10.0,1.0,2.0,3.0,4.0,5.0,6.0,7.0,8.0,9.0,10.0
,"1. Single earners, no child",,0.1,0.1,0.1,0.1,0.1,0.1,0.1,0.1,0.1,0.1,0.4,0.4,0.3,0.3,0.2,0.2,0.1,0.1,0.0,0.0
,2. Lone parents,,0.1,0.1,0.1,0.1,0.1,0.1,0.1,0.1,0.1,0.1,0.4,0.4,0.3,0.3,0.2,0.2,0.1,0.1,0.0,0.0
,"3. Male, working partner, no child",,0.1,0.1,0.1,0.1,0.1,0.1,0.1,0.1,0.1,0.1,0.4,0.4,0.3,0.3,0.2,0.2,0.1,0.1,0.0,0.0
,"4. Female, working partner, no child",,0.1,0.1,0.1,0.1,0.1,0.1,0.1,0.1,0.1,0.1,0.4,0.4,0.3,0.3,0.2,0.2,0.1,0.1,0.0,0.0
,"5. Male, working partner, child",,0.1,0.1,0.1,0.1,0.1,0.1,0.1,0.1,0.1,0.1,0.4,0.4,0.3,0.3,0.2,0.2,0.1,0.1,0.0,0.0
,"6. Female, working partner, child",,0.1,0.1,0.1,0.1,0.1,0.1,0.1,0.1,0.1,0.1,0.4,0.4,0.3,0.3,0.2,0.2,0.1,0.1,0.0,0.0
,"7. Male, non-working partner, no child",,0.1,0.1,0.1,0.1,0.1,0.1,0.1,0.1,0.1,0.1,0.4,0.4,0.3,0.3,0.2,0.2,0.1,0.1,0.0,0.0
,"8. Female, non-working partner, no child",,0.1,0.1,0.1,0.1,0.1,0.1,0.1,0.1,0.1,0.1,0.4,0.4,0.3,0.3,0.2,0.2,0.1,0.1,0.0,0.0
,"9. Male, non-working partner, child",,0.1,0.1,0.1,0.1,0.1,0.1,0.1,0.1,0.1,0.1,0.4,0.4,0.3,0.3,0.2,0.2,0.1,0.1,0.0,0.0
,"10. Female, non-working partner, child",,0.1,0.1,0.1,0.1,0.1,0.1,0.1,0.1,0.1,0.1,0.4,0.4,0.3,0.3,0.2,0.2,0.1,0.1,0.0,0.0
,Average (population weights for germany):,,0.1,0.1,0.10000000000000002,0.10000000000000002,0.1,0.10000000000000002,0.1,0.1,0.1,0.1,0.4,0.4,0.3,0.3,0.2,0.20000000000000004,0.1,0.1,0.0,0.0
,Average over all deciles:,,0.1,,,,,,,,,,0.2,,,,,,,,,
,,,,,,,,,,,,,,,,,,,,,,
,,,,,,,,,,,,,,,,,,,,,,
,Simulation Results: Welfare Effects From Tax Reform,,,,,,,,,,,,,,,,,,,,,
,,,With Participation Responses,,,,,,,,,Without Participation Responses,,,,,,,,,,
,,,Demogrant Policy,,,,Working Poor Policy,,,,,Demogrant Policy,,,,Working Poor Policy,,,,,,
,Country,,Efficiency,,Trade-Off,,Efficiency,,Trade-Off,,,Efficiency,,Trade-Off,,Efficiency,,Trade-Off,,,,
,Austria,,-0.37590946889593657,,3.039278384973831,,-0.08430731560490834,,1.4982571715887802,,,-0.15643616110415792,,1.5727210158202705,,-0.15643616110415792,,2.163071584656674,,,,
,Belgium,,-0.5707857513040795,,4.834748226573602,,-0.13521259415212494,,1.9303045608251534,,,-0.24613111439581956,,1.8729623766620658,,-0.24613111439581958,,3.4503051516030308,,,,
,Denmark,,-0.8231047833553419,,25.25221745157709,,1.6543369984950744,,-1.5143535314621204e-09,,,-0.22935914180113776,,2.3149887989370486,,-0.2293591418011378,,4.75213603611804,,,,
,Finland,,-0.5821851473776432,,6.168035000447428,,-0.20948227864602542,,4.92826297049664,,,-0.23549456033719335,,2.1102352245199887,,-0.2354945603371934,,6.3169900704988216,,,,
,France,,-0.508455256871489,,4.318972720146476,,0.06517657349058759,,0.7607527399432735,,,-0.1742170690822791,,1.6112799401307218,,-0.17421706908227907,,2.3854916434791207,,,,
,Germany,,-0.5012641346548077,,4.375493702414406,,-0.12396436992253546,,1.8864022942079193,,,-0.18990595409343541,,1.7171592248873726,,-0.18990595409343536,,2.673595110946215,,,,
,Greece,,-0.20626376283537767,,1.6624236292956278,,-0.054975453911923045,,1.2935289379195152,,,-0.09630937578549814,,1.264109953745304,,-0.09630937578549814,,1.5922636614177246,,,,
,Ireland,,-0.38673721583000964,,2.734264964820965,,0.2630294785761791,,0.38596748088744115,,,-0.14093703597661106,,1.4151481715311722,,-0.1409370359766111,,1.822564688090763,,,,
,Italy,,-0.32397369063584097,,2.0712646089702673,,-0.11798041866067666,,1.9573205048659936,,,-0.1635891652865178,,1.4281606507879208,,-0.1635891652865178,,2.6246336130412935,,,,
,Luxembourg,,-0.25634982664414996,,1.9824769224667946,,-0.06141808767188495,,1.2890633322901541,,,-0.12406680758887309,,1.3804713388029441,,-0.12406680758887312,,1.7093052308442598,,,,
,Netherlands,,-0.35962269484923215,,2.880833946294593,,-0.06663834346477027,,1.3729720192151826,,,-0.15374937426029242,,1.5608440471430693,,-0.15374937426029245,,2.1008457077323976,,,,
,Portugal ,,-0.2902482759618015,,2.3418240365110154,,0.0035057627669794478,,0.9876349540837047,,,-0.13096440356730826,,1.4434119974790582,,-0.13096440356730832,,1.6781396546261342,,,,
,Spain,,-0.1870017666162647,,1.52195780326695,,0.0022452214971420137,,0.990565027915548,,,-0.06742053242777574,,1.159890956135421,,-0.06742053242777568,,1.3426468081417715,,,,
,Sweden,,-0.619272141196514,,8.348898819797617,,-0.1703793965294328,,4.364003656965883,,,-0.2174367090816945,,2.2295092434412034,,-0.21743670908169443,,7.475891715998329,,,,
,United Kingdom,,-0.22455560170287123,,1.8794416718510814,,-0.014519765150957209,,1.060184285032006,,,-0.09404285723734368,,1.2962625417326266,,-0.09404285723734374,,1.4763736621253365,,,,
,,,,,,,,,,,,,,,,,,,,,,
,Simulation Results: The Prospect of Majority Support,,,,,,,,,,,,,,,,,,,,,
,,,With Participation Responses,,,,,,,,,Without Participation Responses,,,,,,,,,,
,,,Demogrant Policy,,,,Working Poor Policy,,,,,Demogrant Policy,,,,Working Poor Policy,,,,,,
,Country,         Share of population gaining         Share of employed gaining,,,,,,,,,         Share of population gaining         Share of employed gaining,,,,,,,,,,,
,Austria,,,0.37259603997839025,,,,0.49948745648902176,,,,,0.4542027969800163,,,,0.403965108889141,,,,,
,Belgium,,,0.3913291514460719,,,,0.4909938229077267,,,,,0.45831678029721656,,,,0.3712527745679496,,,,,
,Denmark,,,0.19186138821232257,,,,1.0,,,,,0.3510843096800647,,,,0.29950966673894996,,,,,
,Finland,,,0.2696198116498082,,,,0.3980626502971866,,,,,0.3426543215553791,,,,0.3052615350733754,,,,,
,France,,,0.3686847217414742,,,,0.6998153651112768,,,,,0.4388841568418231,,,,0.49983636159572553,,,,,
,Germany,,,0.3366009303551477,,,,0.4017976206542655,,,,,0.4103559470673027,,,,0.3998037740345842,,,,,
,Greece,,,0.4820658302743802,,,,0.5998811758909985,,,,,0.4852928722889989,,,,0.5934218437913227,,,,,
,Ireland,,,0.4556263282498031,,,,0.718459432560744,,,,,0.5214531997513379,,,,0.499917944344786,,,,,
,Italy,,,0.49663481305723023,,,,0.49755368447439974,,,,,0.49663481305723023,,,,0.4441248327560399,,,,,
,Luxembourg,,,0.4464956048492876,,,,0.5997352021300097,,,,,0.5157955213683512,,,,0.5845972514504296,,,,,
,Netherlands,,,0.3910205747703228,,,,0.49989351790230274,,,,,0.4667197164208627,,,,0.39980478282088827,,,,,
,Portugal ,,,0.40072671457439357,,,,0.6995415607367211,,,,,0.5489260888531251,,,,0.5959916615994936,,,,,
,Spain,,,0.5301484794912196,,,,0.5914769023369891,,,,,0.5301484794912196,,,,0.5910367656256412,,,,,
,Sweden,,,0.2213322091062394,,,,0.39973454751843096,,,,,0.29865442510524787,,,,0.2999325230594193,,,,,
,United Kingdom,,,0.46666936147643245,,,,0.599891546631265,,,,,0.5404321348348314,,,,0.49983602927466014,,,,,
