,,,,,,
,Tax Rates and Earnings Shares Across Deciles (Percentages),,,,,
,,,,,,
,,,,,,
,Austria,,,,,
,,,,,,
,Partcipation Rate: ,75.05033666024379,,,,
,Consumption Tax:,20.123821039903262,,,,
,,,,,,
,,,Without Consumption Taxes,,With Consumption Taxes,
,Decile,Earnings Share,Marginal Tax,Participation Tax,Marginal Tax,Participation Tax
,1.0,1.9485247340677505,36.0,38.46085643005901,46.72164151460001,48.77024137494041
,2.0,4.574543434661178,46.1,48.428409232905246,55.12963246307719,57.06797342888096
,3.0,6.208595501426718,54.9,53.83609999132246,62.4554067548197,61.569737285211225
,4.0,7.5456278182641485,53.3,57.227739595626524,61.12344779268469,64.39319026476423
,5.0,8.57341272736012,53.7,56.8819197934745,61.45643753321844,64.10530414928914
,6.0,9.577885047968634,54.8,56.12773959562652,62.37215931968626,63.477468478296416
,7.0,11.016343455417866,55.4,56.73743926587991,62.87164393048689,63.98502781579938
,8.0,12.776706328715811,57.4,56.04713893613329,64.53659263315564,63.41037049656766
,9.0,15.531835503290917,58.3,58.39429801284277,65.28581954935657,65.36432022642997
,10.0,22.24652544882687,44.5,54.21637590246443,53.79767350094219,61.886307227667224
,Employment-Weighted Average:,,51.44,53.635801675633466,59.57504549920276,61.40299407478466
,Earnings-Weighted Average:,,52.48492325607139,55.420363664162835,60.44491730899499,62.88859615860164
,,,,,,
,,,,,,
,Belgium,,,,,
,,,,,,
,Partcipation Rate: ,67.62630356081483,,,,
,Consumption Tax:,17.35048735489559,,,,
,,,,,,
,,,Without Consumption Taxes,,With Consumption Taxes,
,Decile,Earnings Share,Marginal Tax,Participation Tax,Marginal Tax,Participation Tax
,1.0,1.9156465470734907,53.9,60.05871860778227,60.715970560409595,65.96411119160855
,2.0,4.493360813022146,63.8,66.30848215775946,69.15223718626524,71.28983560132184
,3.0,6.2210441633530245,63.2,68.68392362386086,68.64094829984975,73.31406363790214
,4.0,7.520491619718276,63.5,66.05877646849373,68.8965927430575,71.07704936166137
,5.0,8.564811249406944,63.9,67.25536046110537,69.23745200066782,72.09671619013638
,6.0,9.724696341161733,62.8,65.48221562016668,68.3000890422394,70.58573410484152
,7.0,10.921878230960546,65.6,65.90565477183964,70.68610384551172,70.9465669920475
,8.0,12.556875471081577,65.3,65.151944453717,70.43045940230397,70.30429414332617
,9.0,14.8635453748935,67.1,65.6290939235126,71.96432606155045,70.7108961784354
,10.0,23.217650189328758,69.4,65.15824570773665,73.92426679280983,70.30966374524407
,Employment-Weighted Average:,,63.85,65.56924157959743,69.19484459346653,70.65989311465249
,Earnings-Weighted Average:,,65.63741344803566,65.76124300342401,70.7179856458169,70.82350677161664
,,,,,,
,,,,,,
,Denmark,,,,,
,,,,,,
,Partcipation Rate: ,80.81386117876774,,,,
,Consumption Tax:,35.963732974824346,,,,
,,,,,,
,,,Without Consumption Taxes,,With Consumption Taxes,
,Decile,Earnings Share,Marginal Tax,Participation Tax,Marginal Tax,Participation Tax
,1.0,3.7284964601137665,52.6,77.67334448454969,65.13776213486518,83.57896254614867
,2.0,6.080577816178276,52.8,73.09262963289021,65.28486018492904,80.20989143326031
,3.0,7.2004808234358215,53.0,68.27766704815565,65.4319582349929,76.6685333965358
,4.0,7.961112094292172,53.6,69.71454705519852,65.87325238518449,77.72534463259457
,5.0,8.632721573794262,52.6,64.21402060040495,65.13776213486518,73.67976105347051
,6.0,9.323407569147127,52.5,63.91507350999207,65.06421310983326,73.45988838311052
,7.0,10.208734175472468,57.7,62.89368254247732,68.88876241149362,72.70866528473924
,8.0,11.560716970234587,61.2,61.608645127211894,71.46297828761115,71.763532794516
,9.0,13.7236835140608,63.1,59.480825776916966,72.86040976321783,70.19854240793333
,10.0,21.58006900327072,63.2,60.160487718989344,72.93395878824977,70.69842713984065
,Employment-Weighted Average:,,56.23,66.10309234967866,67.80759174352424,75.06915490721497
,Earnings-Weighted Average:,,57.95459197801221,63.99804109300623,69.0760123291311,73.52091023150999
,,,,,,
,,,,,,
,Finland,,,,,
,,,,,,
,Partcipation Rate: ,73.03801883501919,,,,
,Consumption Tax:,29.900293255131967,,,,
,,,,,,
,,,Without Consumption Taxes,,With Consumption Taxes,
,Decile,Earnings Share,Marginal Tax,Participation Tax,Marginal Tax,Participation Tax
,1.0,4.986021122418877,53.8,60.11165912031049,64.43426042983566,69.29310944560655
,2.0,6.391360845656295,56.0,61.181722994825364,66.12786707603397,70.11686730457704
,3.0,7.132229626385091,55.7,60.25016979301423,65.89692071518873,69.3997378982704
,4.0,7.7816465052514285,59.2,59.55016979301424,68.59129492504967,68.86086305629821
,5.0,8.438957239833934,59.6,60.87290386481242,68.89922340617662,69.87913179045745
,6.0,9.202683373623989,59.7,60.97986133570505,68.97620552645837,69.96146991935034
,7.0,10.198181426320954,60.0,59.56060599935318,69.20715188730358,68.86889706921491
,8.0,11.637016699489147,61.7,60.27104220569212,70.5158479320932,69.41580592410378
,9.0,13.68330869585614,64.0,60.69377627749031,72.28643669857324,69.74123557572737
,10.0,20.548594465164136,65.5,61.6953933538163,73.44116850279934,70.5123016381871
,Employment-Weighted Average:,,59.52,60.516730473803364,68.83763770995122,69.60494196217931
,Earnings-Weighted Average:,,60.88024365883659,60.657813619702594,69.88478211952156,69.71355075925273
,,,,,,
,,,,,,
,France,,,,,
,,,,,,
,Partcipation Rate: ,70.12065882875103,,,,
,Consumption Tax:,19.89628295762125,,,,
,,,,,,
,,,Without Consumption Taxes,,With Consumption Taxes,
,Decile,Earnings Share,Marginal Tax,Participation Tax,Marginal Tax,Participation Tax
,1.0,2.813652873415674,43.3,61.949723747959695,52.70912608688521,68.2640067620031
,2.0,4.936365254496752,67.9,66.91038314722215,73.22685974231068,72.40146563636692
,3.0,6.1735967274460215,58.5,67.99047734711678,65.38675013413997,73.30232275491197
,4.0,6.997112703569708,51.3,67.17896803292138,59.381559795966666,72.6254799920031
,5.0,7.787063177279975,51.4,65.68160986173366,59.46496521733018,71.3766021000029
,6.0,8.738682364948529,53.0,65.11302497603441,60.79945195914648,70.90237148027617
,7.0,9.874592593818049,52.6,64.78736451883135,60.4658302736924,70.6307530037316
,8.0,11.581214950879392,53.3,64.16170406162828,61.04966822323703,70.10891826309647
,9.0,14.62550906694546,55.1,64.27321337582369,62.550965807780344,70.2019230764607
,10.0,26.472210287200433,59.9,64.92189246141756,66.55442603322922,70.74295660109729
,Employment-Weighted Average:,,54.63,65.2968361530689,62.158960327371815,71.05567996699503
,Earnings-Weighted Average:,,55.687561462111105,65.16346367187136,63.041023921023765,70.94444008706924
,,,,,,
,,,,,,
,Germany,,,,,
,,,,,,
,Partcipation Rate: ,73.7041414937396,,,,
,Consumption Tax:,15.607200177608826,,,,
,,,,,,
,,,Without Consumption Taxes,,With Consumption Taxes,
,Decile,Earnings Share,Marginal Tax,Participation Tax,Marginal Tax,Participation Tax
,1.0,1.9412314039009277,57.9,45.327228335969366,63.583583085377704,52.708160408663005
,2.0,4.82715383055007,60.5,59.92132273370515,65.83257795421423,65.3320232609029
,3.0,6.501396922189276,62.5,63.75312295013735,67.56257400716542,68.6465228859655
,4.0,7.804261411435162,61.9,66.4045993507034,67.04357519128007,70.94004473970173
,5.0,8.824056178570121,62.5,66.49017564305336,67.56257400716542,71.01406806369755
,6.0,9.83990282630545,62.3,66.2662404062266,67.3895744018703,70.82036452578404
,7.0,11.055621620587813,62.6,65.41771680679264,67.64907380981298,70.08639328685572
,8.0,12.528040874928609,62.7,66.52132273370516,67.73557361246053,71.0410102356418
,9.0,14.765558321310332,60.1,65.92788146174978,65.48657874362401,70.52768470657122
,10.0,21.912776610222224,50.6,61.7721460084908,57.2690974921059,66.93298174094758
,Employment-Weighted Average:,,60.36,62.78017564305337,65.71147823050765,67.8049253854731
,Earnings-Weighted Average:,,59.32177279173087,64.32406292207685,64.81341374432161,69.14038483492918
,,,,,,
,,,,,,
,Greece,,,,,
,,,,,,
,Partcipation Rate: ,64.29220970573294,,,,
,Consumption Tax:,16.311079653176268,,,,
,,,,,,
,,,Without Consumption Taxes,,With Consumption Taxes,
,Decile,Earnings Share,Marginal Tax,Participation Tax,Marginal Tax,Participation Tax
,1.0,2.5858978370071464,16.8,22.030650620465487,28.467691772708996,32.96481331612737
,2.0,4.8399800843484115,29.0,31.027788145590417,38.95680427719157,40.70022214558124
,3.0,6.341692804615924,37.6,38.620625039870795,46.35076882953176,47.22826480232657
,4.0,7.263037061722607,38.8,39.51604092895151,47.382484813579225,47.99811053993877
,5.0,8.016568298005774,37.0,37.830367140390756,45.83491083750802,46.548830046982125
,6.0,8.969524577046398,42.0,40.747272346630346,50.13372743770579,49.05667815133935
,7.0,10.205582054858896,44.8,41.722630155989734,52.54106473381655,49.89525501974067
,8.0,11.793601410908689,46.6,44.044119473148605,54.08863870988774,51.891186382497544
,9.0,14.2814540547157,47.6,45.92005116118939,54.9484020299273,53.5040436387749
,10.0,25.70266181677045,36.5,44.45443545234997,45.40502917748823,52.24396101104099
,Employment-Weighted Average:,,37.67,38.591398046457705,46.41095226193452,47.203136505434955
,Earnings-Weighted Average:,,40.021253239409944,41.51467817576444,48.43247355330337,49.71646553481338
,,,,,,
,,,,,,
,Ireland,,,,,
,,,,,,
,Partcipation Rate: ,67.93227217571301,,,,
,Consumption Tax:,26.118855465884078,,,,
,,,,,,
,,,Without Consumption Taxes,,With Consumption Taxes,
,Decile,Earnings Share,Marginal Tax,Participation Tax,Marginal Tax,Participation Tax
,1.0,1.7567165371469227,28.9,59.98117331510247,43.62460732984293,68.26895824810045
,2.0,3.947565909317557,35.9,60.20826592683275,49.174927283304235,68.44902062726761
,3.0,5.395716259513292,42.8,56.92485004054247,54.645956951716116,65.84559081166923
,4.0,6.737276371456288,50.1,54.18065186733867,60.434147760325764,63.66970825781419
,5.0,7.957438601550951,44.2,54.21601040590171,55.75602094240838,63.69774414383016
,6.0,9.18039808927932,43.4,53.209934790212564,55.1216986620128,62.90002392033725
,7.0,10.592920210666819,49.2,53.65966100131961,59.72053519488074,63.256613115066095
,8.0,12.708871266251892,50.1,52.44198173203809,60.434147760325764,62.291111751464754
,9.0,15.918736023881916,48.5,51.3154628281158,59.165503199534605,61.39789170140886
,10.0,25.804360730935045,48.1,50.047509769941335,58.84834205933681,60.39252810728913
,Employment-Weighted Average:,,44.12,54.61855016773454,55.69258871436881,64.01691906842477
,Earnings-Weighted Average:,,46.822435625687255,52.783475441574694,57.835357625254055,62.56188308718225
,,,,,,
,,,,,,
,Italy,,,,,
,,,,,,
,Partcipation Rate: ,55.92746182201158,,,,
,Consumption Tax:,15.418198603583683,,,,
,,,,,,
,,,Without Consumption Taxes,,With Consumption Taxes,
,Decile,Earnings Share,Marginal Tax,Participation Tax,Marginal Tax,Participation Tax
,1.0,3.3368388338848183,44.1,44.379905201786926,51.56742985393957,51.80994377737056
,2.0,5.577401820345752,50.4,45.61391231165291,57.02584115841508,52.87910542154448
,3.0,6.829199443894951,53.7,45.94324248504581,59.88500898456891,53.16444185667982
,4.0,7.624681253864003,51.7,46.86258450821534,58.15217999902112,53.96097310936998
,5.0,8.369458732160508,54.5,46.87724959491179,60.57814057878802,53.97367915302156
,6.0,9.122995027170223,54.4,47.47724959491179,60.49149912951064,54.49352784868589
,7.0,10.29365902606232,58.3,47.78458213826001,63.87051565132881,54.75980521834385
,8.0,11.687693448006032,58.7,48.855251964867115,64.21708144843836,55.687449073091955
,9.0,14.199205614973073,56.4,48.96991705156356,62.224328115058405,55.786796566020925
,10.0,22.958866799638308,58.5,50.6599289013402,64.04379854988358,57.25104732562701
,Employment-Weighted Average:,,54.07,47.34238237525555,60.205582346895255,54.376676934975606
,Earnings-Weighted Average:,,55.71722936743192,48.203473466513906,61.63276574376102,55.12273873604032
,,,,,,
,,,,,,
,Luxembourg,,,,,
,,,,,,
,Partcipation Rate: ,69.16816227722357,,,,
,Consumption Tax:,23.737150436608825,,,,
,,,,,,
,,,Without Consumption Taxes,,With Consumption Taxes,
,Decile,Earnings Share,Marginal Tax,Participation Tax,Marginal Tax,Participation Tax
,1.0,2.540215648769792,33.1,26.166611073507518,45.9337799812408,40.33045963482269
,2.0,4.585393987598058,36.5,35.33156680655206,48.6815400419849,47.737253552983745
,3.0,5.454414523027927,36.3,35.53461313117639,48.51990709723525,47.90134842983187
,4.0,6.398413530754324,37.4,40.218686015974015,49.408888293358345,51.68685089879109
,5.0,7.40245462179457,37.0,41.51563969134967,49.085622403859034,52.73500310756537
,6.0,8.702843734591605,38.6,45.59541897928794,50.37868596185627,56.032136808755915
,7.0,10.171826176775694,44.4,44.6825381887099,55.06604135959624,55.294378756823306
,8.0,11.925256516231062,46.6,44.322427832679026,56.84400375184243,55.00335027042272
,9.0,15.474096473112494,50.3,45.272151942601866,59.83421322971102,55.77088379335559
,10.0,27.345084787344483,46.9,46.47464648707189,57.0864531689669,56.742697464696
,Employment-Weighted Average:,,40.71,40.51143001489102,52.08391352896511,51.92343627180484
,Earnings-Weighted Average:,,43.66742085948593,43.38219857233585,54.47399674087894,54.243490149977454
,,,,,,
,,,,,,
,Netherlands,,,,,
,,,,,,
,Partcipation Rate: ,76.01955772863651,,,,
,Consumption Tax:,19.38782691547702,,,,
,,,,,,
,,,Without Consumption Taxes,,With Consumption Taxes,
,Decile,Earnings Share,Marginal Tax,Participation Tax,Marginal Tax,Participation Tax
,1.0,1.687780040149428,44.9,48.12127710843374,53.84789100901456,56.54605311788208
,2.0,4.283072702990026,49.4,51.2697313253012,57.617119511000666,59.183218311529906
,3.0,6.206240721271638,54.0,53.56637710843374,61.47010864636425,61.106903365918654
,4.0,7.698766748477122,53.1,54.39011927710844,60.716262945967024,61.79687502379788
,5.0,8.918393881066633,52.3,54.95031325301205,60.04617787894727,62.26609704615718
,6.0,9.966451753931404,49.8,54.21386144578314,57.952162044510544,61.64924034790242
,7.0,11.036005048925606,52.2,54.05031325301205,59.96241724556981,61.51225134575995
,8.0,12.495572308872713,55.3,51.201151807228904,62.558996880271344,59.125775672825334
,9.0,14.715691692097604,51.5,50.717215662650595,59.37609281192753,58.72042769298403
,10.0,22.992025102217813,53.9,51.473085542168675,61.38634801298678,59.3535490915779
,Employment-Weighted Average:,,51.64,52.39534457831324,59.49335769865597,60.12603910163354
,Earnings-Weighted Average:,,52.58280813335933,52.484777710572686,60.28305976269205,60.20094885966334
,,,,,,
,,,,,,
,Portugal,,,,,
,,,,,,
,Partcipation Rate: ,75.05896647845043,,,,
,Consumption Tax:,22.69552314429445,,,,
,,,,,,
,,,Without Consumption Taxes,,With Consumption Taxes,
,Decile,Earnings Share,Marginal Tax,Participation Tax,Marginal Tax,Participation Tax
,1.0,2.124051606544247,37.5,51.980502883650935,49.060896112323746,60.862877564101204
,2.0,4.617311831973737,38.0,46.41959816950852,49.46840894342516,56.330597517010496
,3.0,5.440701580190962,41.0,48.23915591775326,51.91348593003362,57.813583775689935
,4.0,6.091412343337141,40.9,48.46958806419257,51.831983363813336,58.00139188843445
,5.0,6.849851162740207,40.0,47.6000202106319,51.0984602678308,57.292671772755874
,6.0,7.738515049319024,40.7,47.83045235707121,51.668978231372776,57.4804798855004
,7.0,9.072822573996136,43.0,47.74675384904714,53.543537254439265,57.412263453572685
,8.0,10.868935141965277,45.2,48.31957795887662,55.33659371128547,57.879129803012205
,9.0,14.650698008321585,47.5,49.0652261785356,57.21115273435194,58.486852237010126
,10.0,32.545700701611686,52.8,53.21087439819458,61.5307887440269,61.865661922497615
,Employment-Weighted Average:,,42.66,48.88817499874624,53.26642852929031,58.342550981958496
,Earnings-Weighted Average:,,46.11997315046659,49.87641047294458,56.08639543745331,59.147988253729324
,,,,,,
,,,,,,
,Spain,,,,,
,,,,,,
,Partcipation Rate: ,58.693347108561476,,,,
,Consumption Tax:,14.656179938040948,,,,
,,,,,,
,,,Without Consumption Taxes,,With Consumption Taxes,
,Decile,Earnings Share,Marginal Tax,Participation Tax,Marginal Tax,Participation Tax
,1.0,2.7874707293652095,6.5,36.86183198512473,18.451844418219352,44.93260803822828
,2.0,4.525785441430379,23.2,38.23101478367231,33.017129960633646,46.12677201551017
,3.0,5.8025547204128145,26.2,41.2156277935014,35.633648321546396,48.72987026232246
,4.0,6.7554261093186465,26.8,42.99254422102284,36.156951993728946,50.27964841512824
,5.0,7.656330283281809,28.1,43.6848476387152,37.290776616791135,50.88345661636646
,6.0,8.767864665938726,26.0,44.58484146427083,35.45921376415222,51.668406739457936
,7.0,10.20599968922258,29.3,45.461751717347894,38.337383961156235,52.43322399880754
,8.0,12.152202862991965,29.7,44.207875641194406,38.6862530759446,51.339627406952594
,9.0,15.389504640301594,30.8,44.14629680828891,39.64564314161261,51.28592002463898
,10.0,25.95686085773627,40.0,40.70009261666557,47.66963278174504,48.28023451036001
,Employment-Weighted Average:,,26.66,42.20867246698042,36.03484780355302,49.595976802777265
,Earnings-Weighted Average:,,30.715238908170623,42.6778699452451,39.57171682392508,50.00519807503511
,,,,,,
,,,,,,
,Sweden,,,,,
,,,,,,
,Partcipation Rate: ,77.86677908937605,,,,
,Consumption Tax:,20.52591351531932,,,,
,,,,,,
,,,Without Consumption Taxes,,With Consumption Taxes,
,Decile,Earnings Share,Marginal Tax,Participation Tax,Marginal Tax,Participation Tax
,1.0,5.731276767062883,57.4,69.07891746031746,64.65490386464869,74.34486772361004
,2.0,6.917424100684548,55.3,66.50989523809524,62.91253997065249,72.21335745557487
,3.0,7.4727312125789895,55.1,65.26336984126984,62.746600552176666,71.17911895825208
,4.0,8.001566800805017,53.2,64.27373492063492,61.170176076656304,70.35802174208443
,5.0,8.541542210281175,52.9,63.19269841269841,60.92126694894255,69.46108889469382
,6.0,9.125203783632847,58.0,61.61684444444444,65.15272212007616,68.15360743921936
,7.0,9.816715022511643,64.0,61.0841,70.13090467435102,67.71159092268266
,8.0,10.814962052764725,65.3,60.73757460317461,71.20951089444388,67.42407980850112
,9.0,12.860002063099046,67.0,60.18763333333334,72.61999595148842,66.96779513593452
,10.0,20.71857598657911,66.9,61.14464126984127,72.5370262422505,67.76182183823892
,Employment-Weighted Average:,,59.51,63.30894095238095,66.40556472956867,69.55753499187918
,Earnings-Weighted Average:,,61.122287404038346,62.57365866055353,67.74327490077879,68.9474734122721
,,,,,,
,,,,,,
,United Kingdom,,,,,
,,,,,,
,Partcipation Rate: ,76.17899646820996,,,,
,Consumption Tax:,16.794078148900873,,,,
,,,,,,
,,,Without Consumption Taxes,,With Consumption Taxes,
,Decile,Earnings Share,Marginal Tax,Participation Tax,Marginal Tax,Participation Tax
,1.0,1.634322916413284,29.0,29.10291121190548,39.2092466285131,39.297360010232914
,2.0,3.6531248327676487,39.4,35.067494295446956,48.113807685744995,44.40428253411056
,3.0,5.3691247051980815,41.8,41.46856510935851,50.16870639126003,49.884929254700985
,4.0,6.788119921879855,45.3,42.54882210469729,53.16543367013615,50.80985371359483
,5.0,8.109498743493814,39.7,43.65901485120137,48.370670023934366,51.760409395954596
,6.0,9.448215674732198,37.7,42.02907910003606,46.65825443600515,50.3648457021453
,7.0,11.053903007128218,37.4,43.73927184654014,46.401392097815766,51.82912606088382
,8.0,13.096928276172976,37.4,42.6193146790966,46.401392097815766,50.870210005212144
,9.0,15.866377094559859,32.5,41.579400344209525,42.205973907389215,49.97982724662632
,10.0,24.980384827654053,42.3,40.799571674435384,50.59681028824233,49.31213186160865
,Employment-Weighted Average:,,38.25,40.26134452169273,47.129168722685684,48.851297578507015
,Earnings-Weighted Average:,,38.769731829580024,41.588736459698914,47.57416716594359,49.98782090147369
