,,,,,,,,,,,,
,DATA,,,,,,,,,,,
,Data input in yellow cells,,,,,,,,,,,
,,,,,,,,,,,,
,Population weights for germany (used to calculate aggregate labor supply elasticities),,,,,,,,,,,
,,,,,,,,,,,,
,,,,,,,,,,,,
,Demographic Group,,Frequency,,,,,,,,,
,,,1.0,2.0,3.0,4.0,5.0,6.0,7.0,8.0,9.0,10.0
,"1. Single earners, no child",,425427.0,521656.0,452818.0,508626.0,795697.0,591267.0,469223.0,571251.0,510851.0,421438.0
,2. Lone parents,,78387.0,98474.0,122614.0,122475.0,43302.0,36674.0,113787.0,72012.0,150637.0,82860.0
,"3. Male, working partner, no child",,159061.0,123234.0,306553.0,231291.0,188189.0,485335.0,410431.0,430372.0,373688.0,481296.0
,"4. Female, working partner, no child",,506961.0,454484.0,455431.0,397891.0,436508.0,298277.0,347121.0,264675.0,263524.0,69077.0
,"5. Male, working partner, child",,51366.0,122400.0,221612.0,285525.0,197463.0,313826.0,354166.0,411867.0,317066.0,416832.0
,"6. Female, working partner, child",,638425.0,589634.0,340049.0,227181.0,157353.0,88643.0,111644.0,101219.0,80369.0,62649.0
,"7. Male, non-working partner, no child",,42904.0,58920.0,71400.0,115062.0,120841.0,118940.0,63190.0,92139.0,133687.0,341770.0
,"8. Female, non-working partner, no child",,168586.0,124080.0,82097.0,87491.0,39816.0,45312.0,33051.0,20010.0,11492.0,4800.0
,"9. Male, non-working partner, child",,38820.0,51663.0,110747.0,172976.0,161743.0,218312.0,251079.0,203661.0,322068.0,310848.0
,"10. Female, non-working partner, child",,60024.0,28736.0,3360.0,24425.0,6305.0,2580.0,0.0,11160.0,1560.0,0.0
,Total:,,2169961.0,2173281.0,2166681.0,2172943.0,2147217.0,2199166.0,2153692.0,2178366.0,2164942.0,2191570.0
,,,,,,,,,,,,
,,,,,,,,,,,,
,,,,,,,,,,,,
,Demographic Group,,Populations weights,,,,,,,,,
,,,1.0,2.0,3.0,4.0,5.0,6.0,7.0,8.0,9.0,10.0
,"1. Single earners, no child",,0.01958884545450904,0.02401972315912569,0.02085006786362848,0.02341975499473497,0.0366379791635615,0.027224971347260974,0.021605438372978427,0.026303331840089466,0.023522205429559937,0.019405171394052047
,2. Lone parents,,0.0036093403301685127,0.00453424904222657,0.005645778703653437,0.00563937842929808,0.0019938466196812855,0.0016886594367509923,0.005239338259518601,0.0033158025674677556,0.006936101640777096,0.003815300238021138
,"3. Male, working partner, no child",,0.007323985893795321,0.005674326689986688,0.014115275571640044,0.01064982630161896,0.00866518870978711,0.022347317656528955,0.01889835254635836,0.01981653866808633,0.017206515994999314,0.022161341339109603
,"4. Female, working partner, no child",,0.02334308983788842,0.020926779065614277,0.020970383812481355,0.018320946500198755,0.020099071642507012,0.013734205999230401,0.015983234780619547,0.012186997230246738,0.012133999274973238,0.003180660083777289
,"5. Male, working partner, child",,0.002365154622570526,0.0056359250438545415,0.010204155398845529,0.013147038383550393,0.009092211331165436,0.014450161869384767,0.016307622786615912,0.01896447336631731,0.014599348120545622,0.019193087482679547
,"6. Female, working partner, child",,0.029396368023879377,0.027149779634870332,0.015657603555863507,0.01046058077931306,0.007245340795961141,0.004081579278287567,0.005140663526111899,0.004660642949460073,0.003700601796156419,0.0028846819286964314
,"7. Male, non-working partner, no child",,0.001975520654260909,0.002712979604443706,0.003287622942248483,0.005298045812058752,0.005564140671768192,0.005476608862059307,0.0029095923490291544,0.004242553085095699,0.006155636530537436,0.015736847240507897
,"8. Female, non-working partner, no child",,0.007762565845124688,0.0057132808777898,0.003780167796775542,0.0040285352778748175,0.0018333332642656245,0.0020863973495681126,0.0015218378972584679,0.0009213632363360243,0.0005291507402285653,0.00022101666838645262
,"9. Male, non-working partner, child",,0.0017874723055754356,0.002378830028926938,0.005099361036207181,0.007964704006419798,0.007447478957256251,0.010052206439329843,0.011560967517042112,0.009377599104219442,0.014829665907060004,0.014313039444706672
,"10. Female, non-working partner, child",,0.00276381343817259,0.0013231531214068963,0.00015471166787051684,0.0011246525261123135,0.00029031460295345497,0.00011879645925771829,0.0,0.0005138637539985023,7.18304172255971e-05,0.0
,Total:,,0.09991615640594481,0.10006902626824545,0.09976512834921406,0.1000534630111799,0.09886890575890701,0.10126090469765864,0.09916704803553249,0.10030316580131735,0.09968505585206322,0.10091114581993706
