source,old_claim,corrected_claim,reason
001 card headline / metric 1,in-work transfer beats demogrant (Psi_w<Psi_d) in 8 of 10 countries (as the headline result),"OECD level-validated in only 3 of 14 countries (DK, FR, NL); the '8 of 10' is a descriptive, OECD-unvalidated statistic over a post-hoc Psi-stable set. Validated-set version (2026, V4): 1 of 3 (FR only; Psi undefined for DK, NL).","Spec gate-3 no-UB gives V={DK,FR} + NL (NL gate-3 completion this study PASSED); |V|<10 still triggers the honest-partial rule (spec sec4 rule2): headline must be 'validated in n of 14' and E3 counts must not be presented as the finding. Audit sec2, sec7 item1; NL completion gate3_NL_completion.csv."
001 card metric 1 baseline,"baseline '14 of 14' (1998 paper, mixed-q)","same-set 1998 no-UB (Table 5b) over V={DK, FR, NL}: 3 of 3; descriptive stable-10 vs 1998 mixed-q (table2a): 10 of 10","Spec sec4 rule1 (same-set) and rule3 (same q-regime): under a V4 headline the 1998 baseline must be Table 5(b), restricted to the compared set. Audit sec7 item5."
001 card metric 2 (PTR change),"median bottom-quintile PTR change -3.2 pp over V_delta={DK,FI,FR,LU,NL,SE}","median -5.2 pp over spec-conformant V_delta={DK, FR, NL}; {DK,FR}-only two-country median -14.7 pp retained as DK-beta-dominated sensitivity; all-14 figure -1.2 pp shown only as a labelled UNVALIDATED panel; -3.2 pp dropped","Spec: V_delta must be subset of V; FI,LU,SE failed the level gate and are dropped. NL is now in V (gate-3 PASS), so V_delta={DK,FR,NL}. Audit sec2 (gate3b), sec3, sec7 item3."
001 card metric 4 (Spain rise),"'Largest bottom-quintile PTR rise (Spain) +42.7 pp'; Italy +40, headline leads with Spain & Italy","metric removed; ES & IT are CONTRADICTED BY THE OECD CHANGE BENCHMARK (ES AW67 +34.7 vs TaxBEN +9.8; IT +22.9 vs -7.4, opposite sign) and are excluded from the PTR-change metric","Spec gate-3b: failers are dropped from E5 and the card PTR-change metric. ES & IT fail 3b and also fail gate-3 levels badly (0.21/0.09). Audit sec3, sec7 item2."
001 card metric 3 (Denmark),"Denmark -24.3 pp, attributed to '2020s employment-deduction increases'","Denmark -24.3 pp, of which -18.0 pp is the single 2025->2026 beta-rules step (79.85->61.83); only -6.2 pp is gradual 2009->2025. No gate covers the 2026 beta step.","welfare_by_year.csv DK a_bottom_quintile; gate 4 checks 2025 not 2026, gate 3b DK covers 2010-2024 AW67. Audit sec3, sec7 item4."
001 card metric 5 / findings Psi_w<1 list,"Psi_w<1 in 2026: 'DE, EL, PT and BE' (findings) / '4 of 10 stable' vs baseline '5 of 15'","Psi_w<1 list corrected to {BE, DE, LU, PT} (EL=1.22 is not <1; LU=-0.00 is <1 and was omitted); same-set 1998 baseline (stable-10, mixed-q) is 3 of 10 (FR,IE,PT), not 5 of 15","welfare_by_year.csv 2026; '5 of 15' is the paper's 15-country statement, forbidden as a comparison (spec sec4 rule1/2). Audit sec3, sec7 items5,7."
"001 card table (trade-off, 2026)",10-row 'stable' table that includes DK and ES (both Psi-UNSTABLE) and omits EL and LU (both stable),"table re-cut to the actual Psi-stable set (adds EL, LU); DK and ES shown separately flagged 'Psi unstable' (DK with the beta-step note, ES 'contradicted by OECD change')",welfare_by_year.csv 2026 stability flags. Audit sec3 (mislabelled table).
001 card gate table / gate 2,'1-2 Formula anchor (Table 2a) PASS exact',"Gate 2 (plumbing anchor) NOT RUN as specced: the 1998 tau/a arrays were never pushed through the new aggregation path (welfare_layer/aggregate, which adds a consumption adj, q-combination and 0.999 clip); the PASS was gate 1 re-run after the A2 fix","Audit sec2 (gate table), sec7 item6."
001 card gate table / gate 3c,'3c MTR / tau vs add-on PASS 12/14 (median <=0.55 pp)' with no flag,"3c PASS 12/14; FR and EL MTR add-on RE-RUN this study and aborted again both years -> tau UNVALIDATED for FR, EL, flagged wherever their MTR/tau-based numbers appear",gate3c_FR_EL_completion.csv (header only; both aborted). Audit sec2 (gate 3c); spec sec6 gate 3c flag rule. Audit sec7 item6.
001 card gate table / NL gate 3,"(NL silently absent; '3 Levels PASS DK, FR')","NL gate-3 completion RE-RUN this study: no-UB leg PASS (within-5pp 0.92, 0 MINW/S_C2 off>10) -> NL ENTERS V. V = {DK, FR, NL}, |V|=3.","gate3_NL_completion.csv. Audit sec2 (gate 3: 'NL: no rows at all ... not disclosed anywhere'), sec7 item6."
001 card / summary compute,'0.7 core-h',0.22 core-h (prior studies' logged figure) + ~0.1 core-h for this study's NL gate-3 and FR/EL gate-3c retries,"compute_log.csv; the 0.7 figure is not traceable. Audit sec2 (budget), sec3, sec7 item7."
003 card notes / findings,'validated set V = 14 countries' and 'no tau-unvalidated country (gate-3c medians <=0.55pp)',"V = {DK, FR, NL} (|V|=3, honest partial); FR and EL are tau-UNVALIDATED (gate-3c aborted, confirmed on retry). The frontier panel {FI,FR,EL,IT,SE} contains 4 level-gate failers (only FR is in V); EL/IT are gross-basis; FR/EL have no gate-3c result.","Audit sec2 (gate 3, 3c), sec3 (003 frontier panel), sec7 item6. Corrected in findings addendum."
