c,t,leg,household_type,income_curr,income_part,house_benefit,lhw,ours,taxben,delta,status,gross_basis
NL,2010,noUB,S_C0,AW67,_Z,NO,40,66.5,69.6,-3.1,ok,0
NL,2010,UB,S_C0,AW67,_Z,NO,40,66.5,81.4,-14.9,ok,0
NL,2010,noUB,S_C0,AW100,_Z,NO,40,58.9,61.8,-2.9,ok,0
NL,2010,UB,S_C0,AW100,_Z,NO,40,58.9,82.9,-24.0,ok,0
NL,2010,noUB,S_C0,MINW,_Z,NO,29,82.9,84.5,-1.6,ok,0
NL,2010,UB,S_C0,MINW,_Z,NO,29,82.9,80.325,2.6,ok,0
NL,2010,noUB,S_C2,AW67,_Z,NO,40,63.9,66.7,-2.8,ok,0
NL,2010,UB,S_C2,AW67,_Z,NO,40,63.9,73.05,-9.2,ok,0
NL,2010,noUB,S_C2,AW100,_Z,NO,40,59.1,62.0,-2.9,ok,0
NL,2010,UB,S_C2,AW100,_Z,NO,40,59.1,77.3,-18.2,ok,0
NL,2010,noUB,S_C2,MINW,_Z,NO,29,85.3,80.6,4.7,ok,0
NL,2010,UB,S_C2,MINW,_Z,NO,29,85.3,78.1,7.2,ok,0
NL,2010,noUB,C_C2,AW67,NOEARN_UNEMP_WO_CONBEN,NO,40,76.1,80.6,-4.5,ok,0
NL,2010,UB,C_C2,AW67,NOEARN_UNEMP_WO_CONBEN,NO,40,76.1,83.45,-7.4,ok,0
NL,2010,noUB,C_C2,AW100,NOEARN_UNEMP_WO_CONBEN,NO,40,69.1,73.2,-4.1,ok,0
NL,2010,UB,C_C2,AW100,NOEARN_UNEMP_WO_CONBEN,NO,40,69.1,85.9,-16.8,ok,0
NL,2010,noUB,C_C2,MINW,NOEARN_UNEMP_WO_CONBEN,NO,29,99.0,98.3,0.7,ok,0
NL,2010,UB,C_C2,MINW,NOEARN_UNEMP_WO_CONBEN,NO,29,99.0,95.7,3.3,ok,0
NL,2010,noUB,C_C2,AW67,AW67,NO,40,35.3,36.4,-1.1,ok,0
NL,2010,UB,C_C2,AW67,AW67,NO,40,35.3,71.85,-36.5,ok,0
NL,2010,noUB,C_C2,AW100,AW67,NO,40,37.8,39.5,-1.7,ok,0
NL,2010,UB,C_C2,AW100,AW67,NO,40,37.8,76.44999999999999,-38.6,ok,0
NL,2010,noUB,C_C2,MINW,AW67,NO,29,32.9,32.2,0.7,ok,0
NL,2010,UB,C_C2,MINW,AW67,NO,29,32.9,64.35,-31.5,ok,0
NL,2015,noUB,S_C0,AW67,_Z,NO,40,63.9,66.5,-2.6,ok,0
NL,2015,UB,S_C0,AW67,_Z,NO,40,63.9,80.30000000000001,-16.4,ok,0
NL,2015,noUB,S_C0,AW100,_Z,NO,40,57.4,60.5,-3.1,ok,0
NL,2015,UB,S_C0,AW100,_Z,NO,40,57.4,83.05000000000001,-25.6,ok,0
NL,2015,noUB,S_C0,MINW,_Z,NO,28,80.0,80.1,-0.1,ok,0
NL,2015,UB,S_C0,MINW,_Z,NO,28,80.0,76.55,3.4,ok,0
NL,2015,noUB,S_C2,AW67,_Z,NO,40,60.2,62.6,-2.4,ok,0
NL,2015,UB,S_C2,AW67,_Z,NO,40,60.2,76.5,-16.3,ok,0
NL,2015,noUB,S_C2,AW100,_Z,NO,40,57.2,59.9,-2.7,ok,0
NL,2015,UB,S_C2,AW100,_Z,NO,40,57.2,80.2,-23.0,ok,0
NL,2015,noUB,S_C2,MINW,_Z,NO,28,71.1,67.0,4.1,ok,0
NL,2015,UB,S_C2,MINW,_Z,NO,28,71.1,65.9,5.2,ok,0
NL,2015,noUB,C_C2,AW67,NOEARN_UNEMP_WO_CONBEN,NO,40,80.6,83.2,-2.6,ok,0
NL,2015,UB,C_C2,AW67,NOEARN_UNEMP_WO_CONBEN,NO,40,80.6,85.0,-4.4,ok,0
NL,2015,noUB,C_C2,AW100,NOEARN_UNEMP_WO_CONBEN,NO,40,70.4,74.0,-3.6,ok,0
NL,2015,UB,C_C2,AW100,NOEARN_UNEMP_WO_CONBEN,NO,40,70.4,84.5,-14.1,ok,0
NL,2015,noUB,C_C2,MINW,NOEARN_UNEMP_WO_CONBEN,NO,28,101.7,95.9,5.8,ok,0
NL,2015,UB,C_C2,MINW,NOEARN_UNEMP_WO_CONBEN,NO,28,101.7,93.19999999999999,8.5,ok,0
NL,2015,noUB,C_C2,AW67,AW67,NO,40,26.1,29.2,-3.1,ok,0
NL,2015,UB,C_C2,AW67,AW67,NO,40,26.1,70.5,-44.4,ok,0
NL,2015,noUB,C_C2,AW100,AW67,NO,40,32.1,35.5,-3.4,ok,0
NL,2015,UB,C_C2,AW100,AW67,NO,40,32.1,76.44999999999999,-44.3,ok,0
NL,2015,noUB,C_C2,MINW,AW67,NO,28,16.6,19.2,-2.6,ok,0
NL,2015,UB,C_C2,MINW,AW67,NO,28,16.6,58.900000000000006,-42.3,ok,0
NL,2020,noUB,S_C0,AW67,_Z,NO,40,60.1,62.7,-2.6,ok,0
NL,2020,UB,S_C0,AW67,_Z,NO,40,60.1,76.30000000000001,-16.2,ok,0
NL,2020,noUB,S_C0,AW100,_Z,NO,40,56.5,59.5,-3.0,ok,0
NL,2020,UB,S_C0,AW100,_Z,NO,40,56.5,82.19999999999999,-25.7,ok,0
NL,2020,noUB,S_C0,MINW,_Z,NO,28,74.0,75.7,-1.7,ok,0
NL,2020,UB,S_C0,MINW,_Z,NO,28,74.0,71.94999999999999,2.1,ok,0
NL,2020,noUB,S_C2,AW67,_Z,NO,40,55.1,57.4,-2.3,ok,0
NL,2020,UB,S_C2,AW67,_Z,NO,40,55.1,71.5,-16.4,ok,0
NL,2020,noUB,S_C2,AW100,_Z,NO,40,55.3,58.0,-2.7,ok,0
NL,2020,UB,S_C2,AW100,_Z,NO,40,55.3,78.45,-23.1,ok,0
NL,2020,noUB,S_C2,MINW,_Z,NO,28,66.2,62.1,4.1,ok,0
NL,2020,UB,S_C2,MINW,_Z,NO,28,66.2,61.275,4.9,ok,0
NL,2020,noUB,C_C2,AW67,NOEARN_UNEMP_WO_CONBEN,NO,40,75.6,78.4,-2.8,ok,0
NL,2020,UB,C_C2,AW67,NOEARN_UNEMP_WO_CONBEN,NO,40,75.6,79.5,-3.9,ok,0
NL,2020,noUB,C_C2,AW100,NOEARN_UNEMP_WO_CONBEN,NO,40,69.5,72.7,-3.2,ok,0
NL,2020,UB,C_C2,AW100,NOEARN_UNEMP_WO_CONBEN,NO,40,69.5,83.85,-14.4,ok,0
NL,2020,noUB,C_C2,MINW,NOEARN_UNEMP_WO_CONBEN,NO,28,102.4,93.8,8.6,ok,0
NL,2020,UB,C_C2,MINW,NOEARN_UNEMP_WO_CONBEN,NO,28,102.4,89.5,12.9,ok,0
NL,2020,noUB,C_C2,AW67,AW67,NO,40,22.8,25.4,-2.6,ok,0
NL,2020,UB,C_C2,AW67,AW67,NO,40,22.8,66.15,-43.4,ok,0
NL,2020,noUB,C_C2,AW100,AW67,NO,40,31.4,34.7,-3.3,ok,0
NL,2020,UB,C_C2,AW100,AW67,NO,40,31.4,74.35,-42.9,ok,0
NL,2020,noUB,C_C2,MINW,AW67,NO,28,10.8,12.3,-1.5,ok,0
NL,2020,UB,C_C2,MINW,AW67,NO,28,10.8,54.8,-44.0,ok,0
NL,2024,noUB,S_C0,AW67,_Z,NO,40,60.2,61.6,-1.4,ok,0
NL,2024,UB,S_C0,AW67,_Z,NO,40,60.2,75.1,-14.9,ok,0
NL,2024,noUB,S_C0,AW100,_Z,NO,40,56.6,59.1,-2.5,ok,0
NL,2024,UB,S_C0,AW100,_Z,NO,40,56.6,81.65,-25.0,ok,0
NL,2024,noUB,S_C0,MINW,_Z,NO,34,66.4,71.1,-4.7,ok,0
NL,2024,UB,S_C0,MINW,_Z,NO,34,66.4,68.25,-1.8,ok,0
NL,2024,noUB,S_C2,AW67,_Z,NO,40,54.6,57.3,-2.7,ok,0
NL,2024,UB,S_C2,AW67,_Z,NO,40,54.6,71.69999999999999,-17.1,ok,0
NL,2024,noUB,S_C2,AW100,_Z,NO,40,55.1,58.3,-3.2,ok,0
NL,2024,UB,S_C2,AW100,_Z,NO,40,55.1,78.65,-23.6,ok,0
NL,2024,noUB,S_C2,MINW,_Z,NO,34,63.9,61.2,2.7,ok,0
NL,2024,UB,S_C2,MINW,_Z,NO,34,63.9,61.45,2.4,ok,0
NL,2024,noUB,C_C2,AW67,NOEARN_UNEMP_WO_CONBEN,NO,40,78.1,79.7,-1.6,ok,0
NL,2024,UB,C_C2,AW67,NOEARN_UNEMP_WO_CONBEN,NO,40,78.1,79.55,-1.4,ok,0
NL,2024,noUB,C_C2,AW100,NOEARN_UNEMP_WO_CONBEN,NO,40,73.0,74.4,-1.4,ok,0
NL,2024,UB,C_C2,AW100,NOEARN_UNEMP_WO_CONBEN,NO,40,73.0,83.19999999999999,-10.2,ok,0
NL,2024,noUB,C_C2,MINW,NOEARN_UNEMP_WO_CONBEN,NO,34,93.8,91.7,2.1,ok,0
NL,2024,UB,C_C2,MINW,NOEARN_UNEMP_WO_CONBEN,NO,34,93.8,86.95,6.8,ok,0
NL,2024,noUB,C_C2,AW67,AW67,NO,40,18.6,24.3,-5.7,ok,0
NL,2024,UB,C_C2,AW67,AW67,NO,40,18.6,66.0,-47.4,ok,0
NL,2024,noUB,C_C2,AW100,AW67,NO,40,31.0,36.2,-5.2,ok,0
NL,2024,UB,C_C2,AW100,AW67,NO,40,31.0,76.0,-45.0,ok,0
NL,2024,noUB,C_C2,MINW,AW67,NO,34,11.9,12.1,-0.2,ok,0
NL,2024,UB,C_C2,MINW,AW67,NO,34,11.9,56.1,-44.2,ok,0
