c,era,g1_within,g1_between,emp_share_gneg_decile_within,emp_share_gneg_decile_between,emp_share_gneg_cell_extonly
AT,1998,0.7485,0.8273,0.0,0.1997,0.0117
AT,2026,-9.7924,-10.8068,0.1999,0.3012,0.2639
BE,1998,0.4578,0.5546,0.0,0.4009,0.0659
BE,2026,-0.7205,-0.6589,0.0999,0.1985,0.1428
DK,1998,-0.7332,-0.7673,0.0995,0.4006,0.2722
DK,2026,0.6561,2.1833,0.0,0.1002,0.0945
FI,1998,0.804,1.111,0.0,0.2006,0.1129
FI,2026,0.828,0.6555,0.0,0.0,0.0886
FR,1998,0.6668,0.7498,0.0,0.0997,0.1485
FR,2026,0.8511,0.5522,0.0,0.0997,0.0
DE,1998,0.7024,0.9162,0.0,0.3016,0.0374
DE,2026,-0.3746,-0.1607,0.0999,0.0999,0.0829
EL,1998,0.901,0.9652,0.0,0.1003,0.0
EL,2026,0.8174,0.7051,0.0,0.0,0.0
IE,1998,0.2374,0.3203,0.0,0.0,0.0754
IE,2026,1.0575,0.8685,0.0,0.0,0.0
IT,1998,0.7798,0.7488,0.0,0.0,0.0
IT,2026,0.7339,0.6694,0.0,0.0,0.0
LU,1998,0.857,0.958,0.0,0.1998,0.0062
LU,2026,-1.1427,-0.969,0.1998,0.3999,0.3114
NL,1998,0.5882,0.6075,0.0,0.1001,0.0267
NL,2026,-12.2637,-12.2123,0.1998,0.1998,0.2715
PT,1998,0.4616,0.4251,0.0,0.0,0.0227
PT,2026,-0.2713,-0.3581,0.1,0.1,0.1162
ES,1998,0.7793,0.8323,0.0,0.0,0.0
ES,2026,-1.0216,-1.169,0.0999,0.1995,0.1753
SE,1998,0.644,0.4862,0.1003,0.1003,0.1113
SE,2026,1.1512,1.1672,0.0,0.0,0.0
