c,era,t,g0,emp_share_g_neg,n_dec_g_neg,g_pareto_iff,g_pareto_allemp,flag001_eff_w_pos,eff_w,Psi_w,Psi_w_stab,Dw,mono_w,agree
AT,1998,1998,1.926,0.0,0,0,0,0,-0.0843,1.4983,paper,0.0843,1,1
BE,1998,1998,2.0343,0.0,0,0,0,0,-0.1352,1.9303,paper,0.1352,1,1
DK,1998,1998,4.1557,0.0995,1,1,1,1,1.6543,-0.0,paper,-1.6543,1,1
FI,1998,1998,2.285,0.0,0,0,0,0,-0.2095,4.9283,paper,0.2095,1,1
FR,1998,1998,2.1963,0.0,0,0,0,1,0.0652,0.7608,paper,-0.0652,1,0
DE,1998,1998,2.1817,0.0,0,0,0,0,-0.124,1.8864,paper,0.124,1,1
EL,1998,1998,1.2931,0.0,0,0,0,0,-0.055,1.2935,paper,0.055,1,1
IE,1998,1998,1.8328,0.0,0,0,0,1,0.263,0.386,paper,-0.263,1,0
IT,1998,1998,1.3036,0.0,0,0,0,0,-0.118,1.9573,paper,0.118,1,1
LU,1998,1998,1.4578,0.0,0,0,0,0,-0.0614,1.2891,paper,0.0614,1,1
NL,1998,1998,1.9906,0.0,0,0,0,0,-0.0666,1.373,paper,0.0666,1,1
PT,1998,1998,1.8612,0.0,0,0,0,1,0.0035,0.9876,paper,-0.0035,1,0
ES,1998,1998,1.2708,0.0,0,0,0,1,0.0022,0.9906,paper,-0.0022,1,0
SE,1998,1998,2.8061,0.1003,1,0,1,0,-0.1704,4.364,paper,0.1704,1,1
AT,policy,2009,4.9925,0.3001,3,1,1,0,-0.7808,266.497,undefined,0.7808,1,0
AT,policy,2010,4.9931,0.3001,3,1,1,0,-0.7806,265.6486,undefined,0.7806,1,0
AT,policy,2011,7.5999,0.3001,3,1,1,0,-0.6479,42.5344,stable,0.6479,1,0
AT,policy,2012,7.7101,0.3001,3,1,1,0,-0.6473,42.3568,stable,0.6473,1,0
AT,policy,2013,7.6226,0.3001,3,1,1,0,-0.6472,42.3015,stable,0.6472,1,0
AT,policy,2014,7.687,0.3001,3,1,1,0,-0.6464,42.071,stable,0.6464,1,0
AT,policy,2015,7.7458,0.3001,3,1,1,0,-0.6462,41.9922,stable,0.6462,1,0
AT,policy,2016,7.3036,0.3001,3,1,1,0,-0.6493,42.9972,unstable,0.6493,1,0
AT,policy,2017,6.4773,0.1999,2,1,1,0,-0.6499,43.2246,unstable,0.6499,1,0
AT,policy,2018,6.4998,0.1999,2,1,1,0,-0.6498,43.1753,unstable,0.6498,1,0
AT,policy,2019,6.5124,0.1999,2,1,1,0,-0.7483,132.2322,stable,0.7483,1,0
AT,policy,2020,6.3078,0.1999,2,1,1,0,-0.7449,124.6046,stable,0.7449,1,0
AT,policy,2021,6.324,0.1999,2,1,1,0,-0.6913,62.1963,unstable,0.6913,1,0
AT,policy,2022,6.0373,0.1999,2,1,1,0,-0.7584,160.6182,stable,0.7584,1,0
AT,policy,2023,6.2169,0.1999,2,1,1,0,-0.7178,83.7821,stable,0.7178,1,0
AT,policy,2024,6.3478,0.1999,2,1,1,0,-0.6511,43.6225,unstable,0.6511,1,0
AT,policy,2025,6.3463,0.1999,2,1,1,0,-0.651,43.5698,unstable,0.651,1,0
AT,policy,2026,6.2556,0.1999,2,1,1,0,-0.6743,52.9562,unstable,0.6743,1,0
BE,policy,2009,2.6458,0.0999,1,1,1,0,-0.7434,114.5335,undefined,0.7434,1,0
BE,policy,2010,2.6635,0.0999,1,1,1,0,-0.743,113.86,undefined,0.743,1,0
BE,policy,2011,2.6615,0.0999,1,1,1,0,-0.7813,257.6311,undefined,0.7813,1,0
BE,policy,2012,2.6921,0.0999,1,1,1,0,-0.7772,229.3817,undefined,0.7772,1,0
BE,policy,2013,2.6561,0.0999,1,1,1,0,-0.8008,591.4053,undefined,0.8008,1,0
BE,policy,2014,2.4302,0.0999,1,1,1,0,-0.8156,1363.6214,undefined,0.8156,1,0
BE,policy,2015,2.4203,0.0999,1,1,1,0,-0.8155,1352.1105,undefined,0.8155,1,0
BE,policy,2016,2.3054,0.0999,1,1,1,0,-0.8003,573.5709,undefined,0.8003,1,0
BE,policy,2017,2.2334,0.0999,1,0,1,0,-2.225,,undefined,2.225,1,1
BE,policy,2018,2.2118,0.0999,1,0,1,0,-2.0113,,undefined,2.0113,1,1
BE,policy,2019,2.1821,0.0999,1,0,1,0,-2.7782,,undefined,2.7782,1,1
BE,policy,2020,2.1943,0.0999,1,0,1,0,-1.1804,,undefined,1.1804,1,1
BE,policy,2021,2.2458,0.0999,1,1,1,0,-0.7291,92.6523,undefined,0.7291,1,0
BE,policy,2022,2.1926,0.0999,1,0,1,0,-3.5531,,undefined,3.5531,1,1
BE,policy,2023,2.1787,0.0999,1,0,1,0,-3.3263,,undefined,3.3263,1,1
BE,policy,2024,2.1202,0.0999,1,1,1,1,0.2288,0.3752,unstable,-0.2288,1,1
BE,policy,2025,2.0644,0.0999,1,1,1,1,2.7025,0.0,stable,-2.7025,1,1
BE,policy,2026,2.0515,0.0999,1,1,1,1,2.409,0.0001,stable,-2.409,1,1
DK,policy,2009,4.2796,0.1997,2,1,1,0,-0.5046,42.2065,unstable,0.5046,1,0
DK,policy,2010,4.2074,0.1997,2,1,1,0,-0.5058,42.7476,unstable,0.5058,1,0
DK,policy,2011,4.1759,0.1997,2,1,1,0,-0.5075,43.477,stable,0.5075,1,0
DK,policy,2012,4.1874,0.1997,2,1,1,0,-0.5089,44.0928,stable,0.5089,1,0
DK,policy,2013,4.1028,0.1997,2,1,1,0,-0.5246,52.1546,unstable,0.5246,1,0
DK,policy,2014,3.9235,0.1997,2,1,1,0,-0.5169,47.9207,stable,0.5169,1,0
DK,policy,2015,3.9868,0.0995,1,1,1,0,-0.3099,8.7632,unstable,0.3099,1,0
DK,policy,2016,3.9887,0.0995,1,1,1,0,-0.3102,8.7852,unstable,0.3102,1,0
DK,policy,2017,3.9947,0.0995,1,1,1,0,-0.3104,8.7974,unstable,0.3104,1,0
DK,policy,2018,3.9483,0.0995,1,1,1,0,-0.3101,8.777,unstable,0.3101,1,0
DK,policy,2019,3.9019,0.0995,1,1,1,0,-0.4177,20.9286,unstable,0.4177,1,0
DK,policy,2020,3.9036,0.0995,1,1,1,0,-0.4217,21.5254,unstable,0.4217,1,0
DK,policy,2021,3.7158,0.1997,2,1,1,1,3.2974,-0.0,unstable,-3.2974,1,1
DK,policy,2022,3.687,0.1997,2,1,1,1,2.2765,-0.0,unstable,-2.2765,1,1
DK,policy,2023,3.6201,0.1997,2,1,1,1,3.5481,-0.0,unstable,-3.5481,1,1
DK,policy,2024,3.6266,0.1997,2,1,1,1,0.8886,0.0316,unstable,-0.8886,1,1
DK,policy,2025,3.5734,0.1997,2,1,1,1,0.9533,0.0238,unstable,-0.9533,1,1
DK,policy,2026,2.6195,0.0,0,0,0,0,-4.4102,,undefined,4.4102,1,1
FI,policy,2009,1.9969,0.0,0,0,0,0,-0.0987,1.9553,stable,0.0987,1,1
FI,policy,2010,1.9888,0.0,0,0,0,0,-0.1077,2.0891,stable,0.1077,1,1
FI,policy,2011,2.0036,0.0,0,0,0,0,-0.1173,2.2479,stable,0.1173,1,1
FI,policy,2012,2.0453,0.0,0,0,0,0,-0.105,2.048,stable,0.105,1,1
FI,policy,2013,2.0874,0.0,0,0,0,0,-0.0997,1.9688,stable,0.0997,1,1
FI,policy,2014,2.0971,0.0,0,0,0,0,-0.1024,2.0096,stable,0.1024,1,1
FI,policy,2015,2.1006,0.0,0,0,0,0,-0.1041,2.0341,stable,0.1041,1,1
FI,policy,2016,2.0988,0.0,0,0,0,0,-0.121,2.3118,stable,0.121,1,1
FI,policy,2017,2.0542,0.0,0,0,0,0,-0.1129,2.1735,stable,0.1129,1,1
FI,policy,2018,2.0462,0.0,0,0,0,0,-0.1144,2.1973,stable,0.1144,1,1
FI,policy,2019,2.0266,0.0,0,0,0,0,-0.1152,2.2111,stable,0.1152,1,1
FI,policy,2020,1.9737,0.0,0,0,0,0,-0.1195,2.2863,stable,0.1195,1,1
FI,policy,2021,2.0106,0.0,0,0,0,0,-0.1338,2.5601,stable,0.1338,1,1
FI,policy,2022,1.9932,0.0,0,0,0,0,-0.1318,2.5193,stable,0.1318,1,1
FI,policy,2023,1.9967,0.0,0,0,0,0,-0.1153,2.2134,stable,0.1153,1,1
FI,policy,2024,1.9702,0.0,0,0,0,0,-0.0993,1.963,stable,0.0993,1,1
FI,policy,2025,1.963,0.0,0,0,0,0,-0.1222,2.3336,stable,0.1222,1,1
FI,policy,2026,1.9258,0.0,0,0,0,0,-0.1281,2.4459,stable,0.1281,1,1
FR,policy,2009,1.7995,0.0,0,0,0,0,-0.0773,1.4316,stable,0.0773,1,1
FR,policy,2010,1.8006,0.0,0,0,0,0,-0.0722,1.396,stable,0.0722,1,1
FR,policy,2011,1.81,0.0,0,0,0,0,-0.0733,1.4037,stable,0.0733,1,1
FR,policy,2012,1.8148,0.0,0,0,0,0,-0.0807,1.4555,stable,0.0807,1,1
FR,policy,2013,1.8227,0.0,0,0,0,0,-0.0842,1.4814,stable,0.0842,1,1
FR,policy,2014,1.8363,0.0,0,0,0,0,-0.0892,1.5185,stable,0.0892,1,1
FR,policy,2015,1.8354,0.0,0,0,0,0,-0.0908,1.5308,stable,0.0908,1,1
FR,policy,2016,1.8273,0.0,0,0,0,0,-0.1079,1.6711,stable,0.1079,1,1
FR,policy,2017,1.8468,0.0,0,0,0,0,-0.1149,1.7338,stable,0.1149,1,1
FR,policy,2018,1.8626,0.0,0,0,0,0,-0.1039,1.6369,stable,0.1039,1,1
FR,policy,2019,1.7491,0.0,0,0,0,0,-0.153,2.1219,stable,0.153,1,1
FR,policy,2020,1.7226,0.0,0,0,0,0,-0.1459,2.0426,stable,0.1459,1,1
FR,policy,2021,1.7168,0.0,0,0,0,0,-0.1816,2.4883,stable,0.1816,1,1
FR,policy,2022,1.7259,0.0,0,0,0,0,-0.1794,2.4563,stable,0.1794,1,1
FR,policy,2023,1.6982,0.0999,1,0,1,0,-0.1638,2.2506,stable,0.1638,1,1
FR,policy,2024,1.6895,0.0,0,0,0,0,-0.1467,2.052,stable,0.1467,1,1
FR,policy,2025,1.6926,0.0999,1,0,1,0,-0.1535,2.1275,stable,0.1535,1,1
FR,policy,2026,1.6855,0.0,0,0,0,0,-0.1543,2.1371,stable,0.1543,1,1
DE,policy,2009,2.4753,0.0999,1,0,1,0,-2.7013,,undefined,2.7013,1,1
DE,policy,2010,2.4046,0.0999,1,1,1,0,-0.0582,1.3381,unstable,0.0582,1,0
DE,policy,2011,2.4502,0.0999,1,1,1,1,0.0391,0.8271,stable,-0.0391,1,1
DE,policy,2012,2.427,0.0999,1,1,1,1,0.0901,0.6495,stable,-0.0901,1,1
DE,policy,2013,2.4193,0.0999,1,1,1,1,0.0899,0.65,stable,-0.0899,1,1
DE,policy,2014,2.4357,0.0999,1,1,1,1,0.0424,0.8141,stable,-0.0424,1,1
DE,policy,2015,2.4252,0.0999,1,1,1,1,0.0883,0.655,stable,-0.0883,1,1
DE,policy,2016,2.4223,0.0999,1,1,1,1,0.0422,0.8149,stable,-0.0422,1,1
DE,policy,2017,2.3619,0.0999,1,1,1,1,0.0324,0.8543,stable,-0.0324,1,1
DE,policy,2018,2.3565,0.0999,1,0,1,0,-2.3678,,undefined,2.3678,1,1
DE,policy,2019,1.9896,0.0999,1,1,1,1,0.0055,0.9733,stable,-0.0055,1,1
DE,policy,2020,2.0338,0.0999,1,1,1,1,0.0659,0.7282,stable,-0.0659,1,1
DE,policy,2021,2.0395,0.0999,1,1,1,1,0.0674,0.7228,stable,-0.0674,1,1
DE,policy,2022,2.017,0.0999,1,1,1,1,0.0479,0.7933,stable,-0.0479,1,1
DE,policy,2023,1.9905,0.0999,1,1,1,1,0.0441,0.8076,stable,-0.0441,1,1
DE,policy,2024,2.0255,0.0999,1,1,1,1,0.0717,0.7085,stable,-0.0717,1,1
DE,policy,2025,2.0442,0.0999,1,1,1,1,0.0726,0.7053,stable,-0.0726,1,1
DE,policy,2026,2.0411,0.0999,1,1,1,1,0.0711,0.7103,stable,-0.0711,1,1
EL,policy,2009,1.0782,0.0,0,0,0,0,-0.0493,1.2583,stable,0.0493,1,1
EL,policy,2010,1.086,0.0,0,0,0,0,-0.0626,1.3429,stable,0.0626,1,1
EL,policy,2011,1.1046,0.0,0,0,0,0,-0.0608,1.3311,stable,0.0608,1,1
EL,policy,2012,1.1051,0.0,0,0,0,0,-0.0597,1.3235,stable,0.0597,1,1
EL,policy,2013,1.1003,0.0,0,0,0,0,-0.0712,1.4012,stable,0.0712,1,1
EL,policy,2014,1.1193,0.0,0,0,0,0,-0.0718,1.4053,stable,0.0718,1,1
EL,policy,2015,1.1001,0.0,0,0,0,0,-0.0726,1.4111,stable,0.0726,1,1
EL,policy,2016,1.1543,0.0,0,0,0,0,-0.3832,8.8013,unstable,0.3832,1,1
EL,policy,2017,1.2629,0.0,0,0,0,0,-0.006,1.0277,stable,0.006,1,1
EL,policy,2018,1.26,0.0,0,0,0,0,-0.0179,1.0855,stable,0.0179,1,1
EL,policy,2019,1.2435,0.0,0,0,0,0,-0.0239,1.1163,stable,0.0239,1,1
EL,policy,2020,1.2515,0.0,0,0,0,1,0.0191,0.9175,stable,-0.0191,1,0
EL,policy,2021,1.2468,0.0,0,0,0,1,0.0212,0.9092,stable,-0.0212,1,0
EL,policy,2022,1.2678,0.0,0,0,0,1,0.0301,0.8746,stable,-0.0301,1,0
EL,policy,2023,1.2299,0.0,0,0,0,0,-0.0229,1.1106,stable,0.0229,1,1
EL,policy,2024,1.2265,0.0,0,0,0,0,-0.0336,1.1678,stable,0.0336,1,1
EL,policy,2025,1.2216,0.0,0,0,0,0,-0.0406,1.2075,stable,0.0406,1,1
EL,policy,2026,1.2106,0.0,0,0,0,0,-0.0421,1.2161,stable,0.0421,1,1
IE,policy,2009,1.1938,0.0,0,0,0,0,-0.3273,4.6092,unstable,0.3273,1,1
IE,policy,2010,1.1965,0.0,0,0,0,0,-0.3349,4.7982,unstable,0.3349,1,1
IE,policy,2011,1.2025,0.0,0,0,0,0,-0.3401,4.9274,unstable,0.3401,1,1
IE,policy,2012,1.1994,0.0,0,0,0,0,-0.1647,2.0332,stable,0.1647,1,1
IE,policy,2013,1.2099,0.0,0,0,0,0,-0.1613,2.0008,stable,0.1613,1,1
IE,policy,2014,1.2272,0.0,0,0,0,0,-0.1574,1.9649,stable,0.1574,1,1
IE,policy,2015,1.2253,0.0,0,0,0,0,-0.153,1.926,stable,0.153,1,1
IE,policy,2016,1.2228,0.0,0,0,0,0,-0.216,2.6015,stable,0.216,1,1
IE,policy,2017,1.2212,0.0,0,0,0,0,-0.1578,1.9684,stable,0.1578,1,1
IE,policy,2018,1.2256,0.0,0,0,0,0,-0.1495,1.895,stable,0.1495,1,1
IE,policy,2019,1.247,0.0,0,0,0,0,-0.3327,4.745,unstable,0.3327,1,1
IE,policy,2020,1.2404,0.0,0,0,0,0,-0.2066,2.4882,stable,0.2066,1,1
IE,policy,2022,1.253,0.0,0,0,0,0,-0.152,1.9164,stable,0.152,1,1
IE,policy,2023,1.2466,0.0,0,0,0,0,-0.2119,2.5513,stable,0.2119,1,1
IE,policy,2024,1.2311,0.0,0,0,0,0,-0.1487,1.8879,stable,0.1487,1,1
IE,policy,2025,1.2249,0.0,0,0,0,0,-0.2104,2.534,stable,0.2104,1,1
IE,policy,2026,1.2208,0.0,0,0,0,0,-0.2138,2.5743,stable,0.2138,1,1
IT,policy,2009,1.0766,0.0,0,0,0,0,-0.076,1.5222,stable,0.076,1,1
IT,policy,2010,1.0812,0.0,0,0,0,0,-0.0766,1.5275,stable,0.0766,1,1
IT,policy,2011,1.0832,0.0,0,0,0,0,-0.0767,1.5287,stable,0.0767,1,1
IT,policy,2012,1.0855,0.0,0,0,0,0,-0.0781,1.5416,stable,0.0781,1,1
IT,policy,2013,1.0864,0.0,0,0,0,0,-0.0797,1.5562,stable,0.0797,1,1
IT,policy,2014,1.078,0.0,0,0,0,0,-0.0943,1.6985,stable,0.0943,1,1
IT,policy,2015,1.0733,0.0,0,0,0,0,-0.0991,1.7473,stable,0.0991,1,1
IT,policy,2016,1.0747,0.0,0,0,0,0,-0.0992,1.7483,stable,0.0992,1,1
IT,policy,2017,1.0744,0.0,0,0,0,0,-0.0985,1.7406,stable,0.0985,1,1
IT,policy,2018,1.094,0.0,0,0,0,0,-0.0967,1.7226,stable,0.0967,1,1
IT,policy,2019,1.1801,0.0,0,0,0,0,-0.065,1.4277,stable,0.065,1,1
IT,policy,2020,1.2318,0.0,0,0,0,0,-0.0389,1.2322,stable,0.0389,1,1
IT,policy,2021,1.2698,0.0,0,0,0,0,-0.1285,2.0889,unstable,0.1285,1,1
IT,policy,2022,1.2478,0.0,0,0,0,0,-0.0649,1.4265,stable,0.0649,1,1
IT,policy,2023,1.2387,0.102,1,1,1,0,-0.0757,1.5198,stable,0.0757,1,0
IT,policy,2024,1.2062,0.0,0,0,0,0,-0.0753,1.516,stable,0.0753,1,1
IT,policy,2025,1.237,0.0,0,0,0,0,-0.6515,391.0569,unstable,0.6515,1,1
IT,policy,2026,1.2331,0.0,0,0,0,0,-0.0801,1.5603,stable,0.0801,1,1
LU,policy,2009,2.5495,0.0999,1,0,1,0,-10.1953,,undefined,10.1953,1,1
LU,policy,2010,2.5643,0.0999,1,0,1,0,-10.265,,undefined,10.265,1,1
LU,policy,2011,2.632,0.0999,1,0,1,0,-11.5364,,undefined,11.5364,1,1
LU,policy,2012,2.6291,0.0999,1,0,1,0,-11.1893,,undefined,11.1893,1,1
LU,policy,2013,2.667,0.0999,1,0,1,0,-11.2838,,undefined,11.2838,1,1
LU,policy,2014,2.7113,0.0999,1,0,1,0,-11.7853,,undefined,11.7853,1,1
LU,policy,2015,2.599,0.0999,1,0,1,0,-10.065,,undefined,10.065,1,1
LU,policy,2016,2.5993,0.0999,1,0,1,0,-10.1214,,undefined,10.1214,1,1
LU,policy,2017,2.528,0.0999,1,0,1,0,-9.3701,,undefined,9.3701,1,1
LU,policy,2018,2.5265,0.0999,1,0,1,0,-8.447,,undefined,8.447,1,1
LU,policy,2019,2.5636,0.0999,1,0,1,0,-9.6624,,undefined,9.6624,1,1
LU,policy,2020,2.6259,0.2001,2,1,1,1,1.0744,0.058,stable,-1.0744,1,1
LU,policy,2021,2.6293,0.1998,2,1,1,1,0.9711,0.0729,stable,-0.9711,1,1
LU,policy,2022,2.6295,0.1998,2,0,1,0,-5.3321,,undefined,5.3321,1,1
LU,policy,2023,2.6341,0.0999,1,0,1,0,-5.4499,,undefined,5.4499,1,1
LU,policy,2024,2.7362,0.1998,2,1,1,1,1.3848,0.0253,unstable,-1.3848,1,1
LU,policy,2025,2.7659,0.2001,2,0,1,0,-3.3794,,undefined,3.3794,1,1
LU,policy,2026,2.819,0.1998,2,1,1,1,4.7311,-0.0,stable,-4.7311,1,1
NL,policy,2009,7.3878,0.1998,2,1,1,0,-0.8381,4367.0332,undefined,0.8381,1,0
NL,policy,2010,7.4274,0.1998,2,1,1,0,-0.8097,322.1874,undefined,0.8097,1,0
NL,policy,2011,7.0337,0.1998,2,1,1,0,-0.8091,315.9515,undefined,0.8091,1,0
NL,policy,2012,6.7102,0.1998,2,1,1,0,-0.8528,16050.0645,undefined,0.8528,1,0
NL,policy,2013,6.9474,0.1998,2,1,1,0,-0.8514,15395.1207,undefined,0.8514,1,0
NL,policy,2014,6.66,0.1998,2,1,1,0,-0.8598,20310.6478,undefined,0.8598,1,0
NL,policy,2015,6.3334,0.1998,2,1,1,0,-0.8677,26354.4772,undefined,0.8677,1,0
NL,policy,2016,6.0711,0.1998,2,1,1,0,-0.8704,29292.6106,undefined,0.8704,1,0
NL,policy,2017,6.0497,0.1998,2,1,1,0,-0.8672,25850.9609,undefined,0.8672,1,0
NL,policy,2018,6.0682,0.1998,2,1,1,0,-0.8663,24979.5252,undefined,0.8663,1,0
NL,policy,2019,6.9005,0.1998,2,1,1,0,-0.8044,267.9332,undefined,0.8044,1,0
NL,policy,2020,5.3441,0.1998,2,1,1,0,-0.8905,130982.2853,undefined,0.8905,1,0
NL,policy,2021,5.044,0.1998,2,0,1,0,-0.9,,undefined,0.9,1,1
NL,policy,2022,6.2967,0.1998,2,1,1,0,-0.8055,278.0988,undefined,0.8055,1,0
NL,policy,2023,6.2348,0.1998,2,1,1,0,-0.8052,275.1781,undefined,0.8052,1,0
NL,policy,2024,6.6331,0.1998,2,1,1,0,-0.8033,258.7711,unstable,0.8033,1,0
NL,policy,2025,6.6944,0.1998,2,1,1,0,-0.8032,257.6918,unstable,0.8032,1,0
NL,policy,2026,6.7577,0.1998,2,1,1,0,-0.8023,251.3343,unstable,0.8023,1,0
PT,policy,2009,2.4821,0.1,1,0,1,0,-2.1493,,undefined,2.1493,1,1
PT,policy,2010,2.4858,0.1,1,1,1,1,0.6491,0.1988,stable,-0.6491,1,1
PT,policy,2011,2.4821,0.1,1,1,1,0,-0.0763,1.3354,unstable,0.0763,1,0
PT,policy,2012,2.4592,0.1,1,1,1,1,0.569,0.2292,stable,-0.569,1,1
PT,policy,2013,2.3317,0.1,1,1,1,1,0.2668,0.4509,stable,-0.2668,1,1
PT,policy,2014,2.3484,0.1,1,1,1,1,0.2734,0.4434,stable,-0.2734,1,1
PT,policy,2015,2.3312,0.1,1,1,1,1,0.2727,0.4441,stable,-0.2727,1,1
PT,policy,2016,2.4715,0.1,1,1,1,1,0.4738,0.2754,stable,-0.4738,1,1
PT,policy,2017,2.3298,0.1,1,1,1,1,0.636,0.2034,stable,-0.636,1,1
PT,policy,2018,2.3127,0.1,1,1,1,1,0.611,0.2126,stable,-0.611,1,1
PT,policy,2019,2.2865,0.1,1,1,1,1,0.5824,0.2237,stable,-0.5824,1,1
PT,policy,2020,2.2539,0.1,1,1,1,1,0.548,0.2383,stable,-0.548,1,1
PT,policy,2021,2.2251,0.1,1,1,1,1,0.4796,0.272,stable,-0.4796,1,1
PT,policy,2022,2.1694,0.1,1,1,1,1,0.4107,0.3165,stable,-0.4107,1,1
PT,policy,2023,2.2663,0.1,1,1,1,1,0.5361,0.2436,stable,-0.5361,1,1
PT,policy,2024,2.1095,0.1,1,1,1,1,0.3519,0.3646,stable,-0.3519,1,1
PT,policy,2025,2.0842,0.1,1,1,1,1,0.3234,0.391,stable,-0.3234,1,1
PT,policy,2026,2.074,0.1,1,1,1,1,0.3151,0.3992,stable,-0.3151,1,1
ES,policy,2009,1.177,0.0,0,0,0,0,-0.0259,1.1169,stable,0.0259,1,1
ES,policy,2010,1.1888,0.0,0,0,0,0,-0.02,1.0889,stable,0.02,1,1
ES,policy,2011,1.1857,0.0,0,0,0,0,-0.019,1.0842,stable,0.019,1,1
ES,policy,2012,1.1892,0.0,0,0,0,0,-0.0235,1.1057,stable,0.0235,1,1
ES,policy,2013,1.1968,0.0,0,0,0,0,-0.026,1.1174,stable,0.026,1,1
ES,policy,2014,1.1997,0.0,0,0,0,0,-0.0269,1.1217,stable,0.0269,1,1
ES,policy,2015,1.2001,0.0,0,0,0,0,-0.0246,1.1108,stable,0.0246,1,1
ES,policy,2016,1.1991,0.0,0,0,0,0,-0.0232,1.104,stable,0.0232,1,1
ES,policy,2017,1.2001,0.0,0,0,0,0,-0.0236,1.1058,stable,0.0236,1,1
ES,policy,2018,1.1997,0.0,0,0,0,0,-0.0242,1.1087,stable,0.0242,1,1
ES,policy,2019,1.2031,0.0,0,0,0,0,-0.0249,1.112,stable,0.0249,1,1
ES,policy,2020,1.5837,0.0999,1,1,1,0,-0.7246,898.5245,undefined,0.7246,1,0
ES,policy,2021,1.5717,0.0999,1,1,1,0,-0.7241,863.7091,undefined,0.7241,1,0
ES,policy,2022,1.7118,0.0999,1,1,1,0,-0.6924,227.099,undefined,0.6924,1,0
ES,policy,2023,1.6437,0.0999,1,1,1,0,-0.7195,650.8781,undefined,0.7195,1,0
ES,policy,2024,1.6399,0.0999,1,1,1,0,-0.7223,766.3733,undefined,0.7223,1,0
ES,policy,2025,1.6621,0.0999,1,1,1,0,-0.7239,853.08,undefined,0.7239,1,0
ES,policy,2026,1.7057,0.0999,1,1,1,0,-0.6879,198.335,undefined,0.6879,1,0
SE,policy,2009,1.8145,0.0,0,0,0,0,-0.1696,4.3259,stable,0.1696,1,1
SE,policy,2010,1.8043,0.0,0,0,0,0,-0.1714,4.412,stable,0.1714,1,1
SE,policy,2011,1.795,0.0,0,0,0,0,-0.1681,4.2597,stable,0.1681,1,1
SE,policy,2012,1.786,0.0,0,0,0,0,-0.165,4.1267,stable,0.165,1,1
SE,policy,2013,1.7839,0.0,0,0,0,0,-0.1647,4.1113,stable,0.1647,1,1
SE,policy,2014,1.7683,0.0,0,0,0,0,-0.1638,4.0733,stable,0.1638,1,1
SE,policy,2015,1.7772,0.0,0,0,0,0,-0.1658,4.1601,stable,0.1658,1,1
SE,policy,2016,1.7941,0.0,0,0,0,0,-0.1796,4.8256,stable,0.1796,1,1
SE,policy,2017,1.7977,0.0,0,0,0,0,-0.1815,4.9269,stable,0.1815,1,1
SE,policy,2018,1.8005,0.0,0,0,0,0,-0.1802,4.8594,stable,0.1802,1,1
SE,policy,2019,1.793,0.0,0,0,0,0,-0.1724,4.4594,stable,0.1724,1,1
SE,policy,2020,1.551,0.0,0,0,0,0,-0.113,2.4692,stable,0.113,1,1
SE,policy,2021,1.7853,0.0,0,0,0,0,-0.1618,3.994,stable,0.1618,1,1
SE,policy,2022,1.7702,0.0,0,0,0,0,-0.163,4.0401,stable,0.163,1,1
SE,policy,2023,1.7429,0.0,0,0,0,0,-0.1495,3.5349,stable,0.1495,1,1
SE,policy,2024,1.7209,0.0,0,0,0,0,-0.1504,3.5665,stable,0.1504,1,1
SE,policy,2025,1.704,0.0,0,0,0,0,-0.1415,3.2586,stable,0.1415,1,1
SE,policy,2026,1.6862,0.0,0,0,0,0,-0.1371,3.1127,stable,0.1371,1,1
