c,era,stable,Psi_w_bench,Psi_d_bench,effw_bench,inwork_cheaper_bench,Psi_w_conc,Psi_d_conc,effw_conc,inwork_cheaper_conc
AT,2009,0,266.497,,-0.7808,0,206.2127,,-0.7707,0
BE,2009,0,114.5335,,-0.7434,0,42.5538,,-0.6518,0
DK,2009,0,42.2065,,-0.5046,0,209.3741,,-0.5996,0
FI,2009,1,1.9553,4.3698,-0.0987,1,1.7633,4.2244,-0.0844,1
FR,2009,1,1.4316,2.9575,-0.0773,1,1.5836,2.7207,-0.0975,1
DE,2009,0,,,-2.7013,0,,,-2.6772,0
EL,2009,1,1.2583,1.2426,-0.0493,0,1.2648,1.2482,-0.0503,0
IE,2009,0,4.6092,2.7621,-0.3273,0,4.6848,2.8863,-0.3303,0
IT,2009,1,1.5222,1.3321,-0.076,0,1.4963,1.3557,-0.0731,0
LU,2009,0,,,-10.1953,0,,,-7.5928,0
NL,2009,0,4367.0332,,-0.8381,0,7737.4394,,-0.8395,0
PT,2009,0,,,-2.1493,0,,,-1.6688,0
ES,2009,1,1.1169,1.3739,-0.0259,1,1.129,1.4011,-0.0284,1
SE,2009,1,4.3259,3.4427,-0.1696,0,4.3425,3.4453,-0.1699,0
AT,2015,0,41.9922,,-0.6462,0,57.1364,,-0.6826,0
BE,2015,0,1352.1105,,-0.8155,0,438.3271,,-0.7952,0
DK,2015,0,8.7632,,-0.3099,0,28.2716,,-0.4586,0
FI,2015,1,2.0341,5.3218,-0.1041,1,1.7236,5.2485,-0.0812,1
FR,2015,1,1.5308,3.1529,-0.0908,1,1.6701,2.9182,-0.1078,1
DE,2015,1,0.655,3.5503,0.0883,1,0.7537,3.5689,0.0586,1
EL,2015,1,1.4111,1.3471,-0.0726,0,1.4161,1.3568,-0.0734,0
IE,2015,1,1.926,1.8502,-0.153,0,1.9196,1.9266,-0.1523,1
IT,2015,1,1.7473,1.3874,-0.0991,0,1.7251,1.4094,-0.097,0
LU,2015,0,,,-10.065,0,,,-7.7381,0
NL,2015,0,26354.4772,,-0.8677,0,,39.3528,-1.0894,0
PT,2015,1,0.4441,3.2043,0.2727,1,0.7765,3.046,0.0745,1
ES,2015,1,1.1108,1.4176,-0.0246,1,1.1297,1.4452,-0.0285,1
SE,2015,1,4.1601,3.323,-0.1658,0,4.175,3.3254,-0.1662,0
AT,2020,0,124.6046,,-0.7449,0,151.5153,,-0.7555,0
BE,2020,0,,110.013,-1.1804,0,,381.8919,-1.0349,0
DK,2020,0,21.5254,,-0.4217,0,61.6987,,-0.5385,0
FI,2020,1,2.2863,4.4522,-0.1195,1,1.9974,4.4203,-0.1016,1
FR,2020,1,2.0426,3.1094,-0.1459,1,2.1786,2.8751,-0.1578,1
DE,2020,1,0.7282,2.3975,0.0659,1,0.9251,2.3026,0.0159,1
EL,2020,1,0.9175,1.545,0.0191,1,1.1925,1.4487,-0.038,1
IE,2020,1,2.4882,2.1274,-0.2066,0,2.4867,2.2215,-0.2065,0
IT,2020,1,1.2322,1.635,-0.0389,1,1.393,1.5305,-0.0608,1
LU,2020,1,0.058,6.6424,1.0744,1,0.7853,5.104,0.0626,1
NL,2020,0,130982.2853,,-0.8905,0,,,-0.9958,0
PT,2020,1,0.2383,2.5679,0.548,1,0.456,2.3319,0.2625,1
ES,2020,0,898.5245,,-0.7246,0,357.9765,,-0.7048,0
SE,2020,1,2.4692,2.4454,-0.113,0,2.4747,2.4468,-0.1132,0
AT,2026,0,52.9562,,-0.6743,0,61.5256,,-0.6902,0
BE,2026,1,0.0001,4.6596,2.409,1,0.0002,4.3396,1.9623,1
DK,2026,0,,,-4.4102,0,,,-4.2345,0
FI,2026,1,2.4459,4.326,-0.1281,1,2.1438,4.2977,-0.1111,1
FR,2026,1,2.1371,3.0507,-0.1543,1,2.2688,2.8389,-0.1652,1
DE,2026,1,0.7103,2.3949,0.0711,1,0.8976,2.278,0.0221,1
EL,2026,1,1.2161,1.4873,-0.0421,1,1.3441,1.4366,-0.0628,1
IE,2026,1,2.5743,2.1292,-0.2138,0,2.5756,2.2198,-0.2139,0
IT,2026,1,1.5603,1.7831,-0.0801,1,1.7282,1.6927,-0.0973,0
LU,2026,1,-0.0,9.0407,4.7311,1,0.5637,6.4067,0.1556,1
NL,2026,0,251.3343,,-0.8023,0,81.9131,,-0.7397,0
PT,2026,1,0.3992,2.193,0.3151,1,0.5821,2.0516,0.1711,1
ES,2026,0,198.335,,-0.6879,0,128.3264,,-0.6694,0
SE,2026,1,3.1127,2.8963,-0.1371,0,3.1213,2.8982,-0.1373,0
