variant,cc,year,seconds,n_cells,aw_flag
headline,AT,2009,5.42,93,
headline,AT,2010,4.27,93,
headline,AT,2011,2.56,93,
headline,AT,2012,2.75,93,
headline,AT,2013,4.54,93,
headline,AT,2014,3.56,93,
headline,AT,2015,2.68,93,
headline,AT,2016,2.78,93,
headline,AT,2017,6.02,93,
headline,AT,2018,3.26,93,
headline,AT,2019,3.05,93,
headline,AT,2020,3.13,93,
headline,AT,2021,6.21,93,
headline,AT,2022,3.25,93,
headline,AT,2023,3.02,93,
headline,AT,2024,7.81,93,
headline,AT,2025,3.42,93,
headline,AT,2026,2.98,93,
headline,FR,2009,4.7,100,
headline,FR,2010,3.91,100,
headline,FR,2011,1.96,100,
headline,FR,2012,2.24,100,
headline,FR,2013,4.85,100,
headline,FR,2014,3.39,100,
headline,FR,2015,3.53,100,
headline,FR,2016,2.35,100,
headline,FR,2017,2.1,100,
headline,FR,2018,2.17,100,
headline,FR,2019,3.78,100,
headline,FR,2020,3.71,100,
headline,FR,2021,3.46,100,
headline,FR,2022,2.44,100,
headline,FR,2023,2.34,100,
headline,FR,2024,6.83,100,
headline,FR,2025,4.18,100,
headline,FR,2026,2.39,100,
headline,DK,2009,1.95,88,
headline,DK,2010,1.73,88,
headline,DK,2011,1.52,88,
headline,DK,2012,1.41,88,
headline,DK,2013,1.44,88,
headline,DK,2014,2.14,88,
headline,DK,2015,1.85,88,
headline,DK,2016,1.8,88,
headline,DK,2017,1.55,88,
headline,DK,2018,1.49,88,
headline,DK,2019,1.44,88,
headline,DK,2020,2.6,88,
headline,DK,2021,2.38,88,
headline,DK,2022,1.86,88,
headline,DK,2023,2.24,88,
headline,DK,2024,2.38,88,
headline,DK,2025,2.04,88,
headline,DK,2026,1.68,88,aw2026_upr_cpi
headline,DE,2009,2.81,98,
headline,DE,2010,5.33,98,
headline,DE,2011,4.01,98,
headline,DE,2012,4.4,98,
headline,DE,2013,2.47,98,
headline,DE,2014,2.1,98,
headline,DE,2015,2.04,98,
headline,DE,2016,2.21,98,
headline,DE,2017,5.34,98,
headline,DE,2018,3.98,98,
headline,DE,2019,2.17,98,
headline,DE,2020,1.95,98,
headline,DE,2021,2.12,98,
headline,DE,2022,2.27,98,
headline,DE,2023,6.89,98,
headline,DE,2024,4.1,98,
headline,DE,2025,2.58,98,
headline,DE,2026,2.12,98,aw2026_upr_cpi
headline,FI,2009,2.41,98,
headline,FI,2010,2.22,98,
headline,FI,2011,4.78,98,
headline,FI,2012,2.76,98,
headline,FI,2013,2.83,98,
headline,FI,2014,1.92,98,
headline,FI,2015,1.9,98,
headline,FI,2016,1.85,98,
headline,FI,2017,4.94,98,
headline,FI,2018,3.76,98,
headline,FI,2019,3.16,98,
headline,FI,2020,1.92,98,
headline,FI,2021,2.02,98,
headline,FI,2022,1.93,98,
headline,FI,2023,4.48,98,
headline,FI,2024,5.35,98,
headline,FI,2025,3.17,98,
headline,FI,2026,3.03,98,
headline,BE,2009,4.34,93,
headline,BE,2010,3.41,93,
headline,BE,2011,3.54,93,
headline,BE,2012,3.17,93,
headline,BE,2013,3.65,93,
headline,BE,2014,2.0,93,
headline,BE,2015,2.1,93,
headline,BE,2016,2.21,93,
headline,BE,2017,2.03,93,
headline,BE,2018,2.09,93,
headline,BE,2019,2.81,93,
headline,BE,2020,2.81,93,
headline,BE,2021,2.67,93,
headline,BE,2022,2.69,93,
headline,BE,2023,2.91,93,
headline,BE,2024,2.98,93,
headline,BE,2025,2.7,93,
headline,BE,2026,2.89,93,
headline,EL,2009,2.62,94,
headline,EL,2010,2.18,94,
headline,EL,2011,2.13,94,
headline,EL,2012,2.12,94,
headline,EL,2013,2.04,94,
headline,EL,2014,2.15,94,
headline,EL,2015,2.17,94,
headline,EL,2016,2.28,94,
headline,EL,2017,2.36,94,
headline,EL,2018,2.01,94,
headline,EL,2019,2.61,94,
headline,EL,2020,2.3,94,
headline,EL,2021,2.35,94,
headline,EL,2022,2.57,94,
headline,EL,2023,2.36,94,
headline,EL,2024,2.33,94,
headline,EL,2025,2.55,94,
headline,EL,2026,2.17,94,
headline,IE,2009,2.38,97,
headline,IE,2010,2.02,97,
headline,IE,2011,1.64,97,
headline,IE,2012,1.76,97,
headline,IE,2013,1.75,97,
headline,IE,2014,1.68,97,
headline,IE,2015,1.68,97,
headline,IE,2016,1.75,97,
headline,IE,2017,1.7,97,
headline,IE,2018,1.77,97,
headline,IE,2019,1.84,97,
headline,IE,2020,2.09,97,
headline,IE,2022,2.29,97,
headline,IE,2023,2.19,97,
headline,IE,2024,2.38,97,
headline,IE,2025,2.15,97,
headline,IE,2026,2.37,97,
headline,IT,2009,2.56,98,
headline,IT,2010,2.12,98,
headline,IT,2011,1.97,98,
headline,IT,2012,1.94,98,
headline,IT,2013,1.86,98,
headline,IT,2014,1.96,98,
headline,IT,2015,1.95,98,
headline,IT,2016,2.13,98,
headline,IT,2017,2.06,98,
headline,IT,2018,2.09,98,
headline,IT,2019,2.24,98,
headline,IT,2020,2.55,98,
headline,IT,2021,2.38,98,
headline,IT,2022,2.51,98,
headline,IT,2023,2.34,98,
headline,IT,2024,2.52,98,
headline,IT,2025,2.32,98,
headline,IT,2026,2.41,98,aw2026_upr_cpi
headline,LU,2009,2.11,95,
headline,LU,2010,1.81,95,
headline,LU,2011,1.51,95,
headline,LU,2012,1.67,95,
headline,LU,2013,1.48,95,
headline,LU,2014,1.54,95,
headline,LU,2015,1.7,95,
headline,LU,2016,1.65,95,
headline,LU,2017,1.74,95,
headline,LU,2018,1.67,95,
headline,LU,2019,1.85,95,
headline,LU,2020,1.79,95,
headline,LU,2021,1.85,95,
headline,LU,2022,1.95,95,
headline,LU,2023,1.68,95,
headline,LU,2024,1.74,95,
headline,LU,2025,1.95,95,
headline,LU,2026,1.83,95,aw2026_no_uprating
headline,NL,2009,2.52,95,
headline,NL,2010,2.44,95,
headline,NL,2011,2.25,95,
headline,NL,2012,2.34,95,
headline,NL,2013,2.22,95,
headline,NL,2014,2.22,95,
headline,NL,2015,2.08,95,
headline,NL,2016,2.17,95,
headline,NL,2017,2.06,95,
headline,NL,2018,2.15,95,
headline,NL,2019,2.29,95,
headline,NL,2020,2.5,95,
headline,NL,2021,2.37,95,
headline,NL,2022,2.41,95,
headline,NL,2023,2.37,95,
headline,NL,2024,2.42,95,
headline,NL,2025,2.3,95,
headline,NL,2026,2.33,95,aw2026_upr_cpi
headline,PT,2009,2.3,99,
headline,PT,2010,2.1,99,
headline,PT,2011,1.82,99,
headline,PT,2012,1.76,99,
headline,PT,2013,1.88,99,
headline,PT,2014,1.89,99,
headline,PT,2015,1.74,99,
headline,PT,2016,1.87,99,
headline,PT,2017,1.89,99,
headline,PT,2018,1.79,99,
headline,PT,2019,1.82,99,
headline,PT,2020,1.98,99,
headline,PT,2021,2.01,99,
headline,PT,2022,1.96,99,
headline,PT,2023,2.0,99,
headline,PT,2024,2.08,99,
headline,PT,2025,1.97,99,
headline,PT,2026,2.08,99,aw2026_upr_cpi
headline,ES,2009,3.75,98,
headline,ES,2010,2.91,98,
headline,ES,2011,2.85,98,
headline,ES,2012,2.81,98,
headline,ES,2013,2.87,98,
headline,ES,2014,3.13,98,
headline,ES,2015,3.23,98,
headline,ES,2016,3.41,98,
headline,ES,2017,3.21,98,
headline,ES,2018,3.24,98,
headline,ES,2019,3.57,98,
headline,ES,2020,3.38,98,
headline,ES,2021,3.69,98,
headline,ES,2022,3.95,98,
headline,ES,2023,3.61,98,
headline,ES,2024,3.56,98,
headline,ES,2025,3.91,98,
headline,ES,2026,3.63,98,aw2026_upr_cpi
headline,SE,2009,1.75,100,
headline,SE,2010,1.77,100,
headline,SE,2011,1.43,100,
headline,SE,2012,1.58,100,
headline,SE,2013,1.41,100,
headline,SE,2014,1.41,100,
headline,SE,2015,1.39,100,
headline,SE,2016,1.5,100,
headline,SE,2017,1.41,100,
headline,SE,2018,1.45,100,
headline,SE,2019,1.57,100,
headline,SE,2020,1.61,100,
headline,SE,2021,1.63,100,
headline,SE,2022,1.53,100,
headline,SE,2023,1.62,100,
headline,SE,2024,1.64,100,
headline,SE,2025,1.67,100,
headline,SE,2026,1.57,100,aw2026_upr_cpi
gate4_j20,AT,2025,13.08,93,
gate4_j20,BE,2025,15.68,93,
gate4_j20,DK,2025,7.75,88,
gate4_j20,FI,2025,9.72,98,
gate4_j20,FR,2025,10.88,100,
gate4_j20,DE,2025,10.24,98,
gate4_j20,EL,2025,12.79,94,
gate4_j20,IE,2025,10.65,97,
gate4_j20,IT,2025,14.49,98,
gate4_j20,LU,2025,8.89,95,
gate4_j20,NL,2025,10.14,95,
gate4_j20,PT,2025,9.58,99,
gate4_j20,ES,2025,18.57,98,
gate4_j20,SE,2025,7.78,100,
