c,t,crit_identical,crit_zeroloss,crit_pareto
AT,2009,,0.0063,
AT,2010,,0.0063,
AT,2011,,0.0037,0.0037
AT,2012,,0.0037,0.0037
AT,2013,,0.0037,0.0037
AT,2014,,0.0037,0.0037
AT,2015,,0.0037,0.0037
AT,2016,,0.0038,0.0038
AT,2017,,0.0038,0.0038
AT,2018,,0.0038,0.0038
AT,2019,,0.0053,
AT,2020,,0.0052,
AT,2021,,0.0038,0.0038
AT,2022,,0.0055,
AT,2023,,0.0047,0.0047
AT,2024,,0.0038,0.0038
AT,2025,,0.0038,0.0038
AT,2026,,0.0046,0.0046
BE,2009,,0.0115,
BE,2010,,0.0119,
BE,2011,,,
BE,2012,,,
BE,2013,0.0056,0.0089,
BE,2014,0.0034,0.0063,
BE,2015,0.0034,0.0063,
BE,2016,0.0068,,
BE,2017,0.027,0.0586,0.1398
BE,2018,0.0282,0.06,0.136
BE,2019,0.0292,0.0631,0.1484
BE,2020,0.1006,0.1521,0.1696
BE,2021,0.122,0.1589,
BE,2022,0.027,0.0607,0.1545
BE,2023,0.0263,0.059,0.1524
BE,2024,0.1231,0.1937,0.2127
BE,2025,0.0331,0.0783,0.2019
BE,2026,0.0338,0.0798,0.2045
DK,2009,,0.0139,0.0139
DK,2010,,0.0139,0.0139
DK,2011,,0.0139,0.0139
DK,2012,,0.0139,0.0139
DK,2013,,0.0142,0.0142
DK,2014,,0.0149,0.0149
DK,2015,,0.0148,0.0148
DK,2016,,0.0148,0.0148
DK,2017,,0.0148,0.0148
DK,2018,,0.0149,0.0149
DK,2019,,0.0149,0.0149
DK,2020,,0.0152,0.0152
DK,2021,,0.0954,0.0954
DK,2022,,0.097,0.097
DK,2023,,0.0977,0.0977
DK,2024,,0.0988,0.0988
DK,2025,,0.101,0.101
DK,2026,,0.5352,0.5352
FI,2009,0.1066,0.2923,0.4409
FI,2010,0.1123,0.305,0.4516
FI,2011,0.1181,0.3143,0.4518
FI,2012,0.1094,0.2868,0.4152
FI,2013,0.106,0.2734,0.3925
FI,2014,0.1072,0.2736,0.3882
FI,2015,0.1079,0.2731,0.3846
FI,2016,0.1162,0.2877,0.3919
FI,2017,0.1132,0.2892,0.4076
FI,2018,0.1143,0.2926,0.4126
FI,2019,0.1153,0.298,0.423
FI,2020,0.1199,0.3156,0.4521
FI,2021,0.1274,0.3249,0.4444
FI,2022,0.1271,0.3275,0.4525
FI,2023,0.1157,0.2962,0.4202
FI,2024,0.1075,0.2847,0.4238
FI,2025,0.121,0.3128,0.4428
FI,2026,0.1273,0.3333,0.472
FR,2009,0.0782,0.2835,0.5543
FR,2010,0.0761,0.2773,0.5516
FR,2011,0.0764,0.2773,0.5459
FR,2012,0.0791,0.2845,0.5437
FR,2013,0.0802,0.287,0.5393
FR,2014,0.0818,0.2899,0.5314
FR,2015,0.0825,0.2926,0.5352
FR,2016,0.0894,0.3137,0.5446
FR,2017,0.0919,0.3162,0.5323
FR,2018,0.0865,0.3013,0.5192
FR,2019,0.1164,0.3901,0.6052
FR,2020,0.1139,0.3936,0.6276
FR,2021,0.1377,0.4439,0.635
FR,2022,0.1353,0.4363,0.6277
FR,2023,0.1275,0.4272,0.6491
FR,2024,0.1173,0.4088,0.6578
FR,2025,0.1214,0.417,0.6557
FR,2026,0.1228,0.4181,0.6597
DE,2009,,0.4064,0.4064
DE,2010,0.0755,0.232,0.3818
DE,2011,0.0547,0.1795,0.3618
DE,2012,0.045,0.1528,0.3563
DE,2013,0.0451,0.1528,0.3566
DE,2014,0.0545,0.1781,0.3599
DE,2015,0.0457,0.154,0.3563
DE,2016,0.0545,0.1779,0.3628
DE,2017,0.0559,0.1824,0.3696
DE,2018,,0.4295,0.4295
DE,2019,0.0607,0.1952,0.494
DE,2020,0.0437,0.1465,0.4696
DE,2021,0.0441,0.1462,0.4667
DE,2022,0.0472,0.1579,0.4943
DE,2023,0.0514,0.1649,0.4726
DE,2024,0.0412,0.1413,0.467
DE,2025,0.0413,0.141,0.4652
DE,2026,0.0418,0.1422,0.466
EL,2009,0.2201,0.9466,
EL,2010,0.2537,1.0524,
EL,2011,0.2126,0.8811,
EL,2012,0.2083,0.8624,
EL,2013,0.2519,1.0302,
EL,2014,0.2271,0.9165,2.9535
EL,2015,0.2588,1.0474,
EL,2016,1.4853,2.4039,2.4039
EL,2017,0.0724,0.2113,0.9562
EL,2018,0.0801,0.2369,1.0123
EL,2019,0.0862,0.2524,1.0744
EL,2020,0.0615,0.1702,0.869
EL,2021,0.0566,0.1627,0.9364
EL,2022,0.0562,0.1569,0.8086
EL,2023,0.0844,0.2593,1.197
EL,2024,0.094,0.2915,1.2241
EL,2025,0.1015,0.3264,1.3185
EL,2026,0.1055,0.3401,1.3975
IE,2009,0.7937,2.1397,2.1397
IE,2010,0.8163,2.1088,2.1088
IE,2011,0.81,2.0419,2.0419
IE,2012,0.2775,1.3841,1.987
IE,2013,0.2579,1.2824,1.883
IE,2014,0.234,1.1086,1.7365
IE,2015,0.229,1.0848,1.7505
IE,2016,0.3531,1.4631,1.8216
IE,2017,0.2417,1.1308,1.7928
IE,2018,0.2239,1.0575,1.7526
IE,2019,0.6293,1.7065,1.7065
IE,2020,0.3118,1.3005,1.6898
IE,2022,0.2064,0.9532,1.5649
IE,2023,0.3136,1.283,1.6475
IE,2024,0.2171,1.0146,1.7013
IE,2025,0.3369,1.387,1.7933
IE,2026,0.3477,1.4312,1.8162
IT,2009,0.3664,1.3101,
IT,2010,0.3513,1.2353,2.9286
IT,2011,0.3443,1.2018,2.8582
IT,2012,0.3441,1.1905,2.8002
IT,2013,0.3474,1.1924,2.7683
IT,2014,0.4691,1.6992,
IT,2015,0.5361,2.0256,
IT,2016,0.5265,1.974,
IT,2017,0.524,1.9717,
IT,2018,0.4002,1.2979,2.609
IT,2019,0.1657,0.4303,1.2434
IT,2020,0.118,0.2856,0.9127
IT,2021,0.1982,0.4218,0.7878
IT,2022,0.1414,0.3307,0.8535
IT,2023,0.155,0.3591,0.8848
IT,2024,0.1673,0.4153,1.0663
IT,2025,,1.0049,1.0049
IT,2026,0.1601,0.3899,0.9188
LU,2009,,0.3485,0.3485
LU,2010,,0.3467,0.3467
LU,2011,,0.3349,0.3349
LU,2012,,0.3447,0.3447
LU,2013,,0.343,0.343
LU,2014,,0.3327,0.3327
LU,2015,,0.3528,0.3528
LU,2016,,0.3512,0.3512
LU,2017,,0.3757,0.3757
LU,2018,,0.3713,0.3713
LU,2019,,0.3652,0.3652
LU,2020,0.0326,0.1063,0.2174
LU,2021,0.0346,0.1114,0.2199
LU,2022,,0.2471,0.2471
LU,2023,,0.2413,0.2413
LU,2024,0.0461,0.1294,0.2073
LU,2025,,0.2193,0.2193
LU,2026,0.0309,0.0981,0.1898
NL,2009,0.0059,0.0106,0.0144
NL,2010,,,
NL,2011,,,
NL,2012,0.0052,0.0108,0.018
NL,2013,0.0022,0.0048,0.0097
NL,2014,0.0034,0.0076,
NL,2015,0.004,0.0091,0.0192
NL,2016,0.0041,0.0093,0.0196
NL,2017,0.0042,0.0094,0.0192
NL,2018,0.0039,0.0089,0.0186
NL,2019,,0.0053,
NL,2020,0.0064,0.0145,0.0298
NL,2021,0.007,0.016,0.0327
NL,2022,,0.0053,
NL,2023,,0.0053,
NL,2024,,0.0053,
NL,2025,,0.0053,
NL,2026,,0.0053,
PT,2009,,0.2847,0.2847
PT,2010,0.022,0.0998,0.2551
PT,2011,0.0836,0.2149,0.2928
PT,2012,0.0177,0.086,0.2752
PT,2013,0.0241,0.1128,0.3411
PT,2014,0.0243,0.1129,0.3371
PT,2015,0.024,0.1117,0.34
PT,2016,0.0204,0.0969,0.2847
PT,2017,0.0092,0.0503,0.2876
PT,2018,0.0095,0.0515,0.2915
PT,2019,0.009,0.0493,0.2986
PT,2020,0.0088,0.0486,0.3069
PT,2021,0.0099,0.054,0.3214
PT,2022,0.0103,0.0562,0.3441
PT,2023,0.0093,0.05,0.3114
PT,2024,0.0107,0.0587,0.3694
PT,2025,0.0112,0.061,0.3833
PT,2026,0.0114,0.0622,0.3872
ES,2009,0.0857,0.3021,1.5059
ES,2010,0.0774,0.2733,1.4137
ES,2011,0.0765,0.271,1.4364
ES,2012,0.0812,0.2864,1.4113
ES,2013,0.0831,0.291,1.3586
ES,2014,0.0837,0.2926,1.3395
ES,2015,0.0814,0.2845,1.3387
ES,2016,0.08,0.2799,1.3447
ES,2017,0.0803,0.2808,1.3386
ES,2018,0.081,0.2832,1.3421
ES,2019,0.0816,0.2836,1.3211
ES,2020,,,
ES,2021,,,
ES,2022,,,
ES,2023,,,
ES,2024,,,
ES,2025,,,
ES,2026,,0.0092,0.0092
SE,2009,0.2632,0.7261,0.8835
SE,2010,0.2706,0.7409,0.8954
SE,2011,0.2651,0.7382,0.904
SE,2012,0.2603,0.7359,0.9126
SE,2013,0.26,0.7364,0.9148
SE,2014,0.2624,0.7477,0.9331
SE,2015,0.2647,0.7463,0.9234
SE,2016,0.2951,0.7757,0.9108
SE,2017,0.299,0.7782,0.9075
SE,2018,0.2946,0.7715,0.9037
SE,2019,0.2761,0.7519,0.9076
SE,2020,0.2034,0.7668,1.2569
SE,2021,0.2532,0.727,0.9121
SE,2022,0.2602,0.7453,0.9311
SE,2023,0.2368,0.7221,0.9573
SE,2024,0.2448,0.7453,0.9864
SE,2025,0.2276,0.7273,1.0035
SE,2026,0.2216,0.7256,1.0251
