c,t,d,marginal_tax_rate,participation_tax_rate
AT,2009,1,89.06,95.3
AT,2009,2,64.61,82.77
AT,2009,3,65.96,72.16
AT,2009,4,67.54,68.69
AT,2009,5,68.34,68.02
AT,2009,6,68.98,66.18
AT,2009,7,66.59,65.52
AT,2009,8,61.12,65.98
AT,2009,9,58.4,63.41
AT,2009,10,60.18,61.42
AT,2010,1,88.9,95.29
AT,2010,2,67.1,82.87
AT,2010,3,65.91,72.3
AT,2010,4,67.55,68.81
AT,2010,5,68.29,68.13
AT,2010,6,68.96,66.3
AT,2010,7,66.56,65.63
AT,2010,8,61.44,66.09
AT,2010,9,58.64,63.52
AT,2010,10,60.39,61.55
AT,2011,1,94.05,96.85
AT,2011,2,85.55,92.53
AT,2011,3,69.91,80.63
AT,2011,4,68.39,74.88
AT,2011,5,68.75,73.25
AT,2011,6,69.23,69.92
AT,2011,7,66.59,68.23
AT,2011,8,60.88,68.67
AT,2011,9,58.6,64.87
AT,2011,10,60.47,62.23
AT,2012,1,94.2,96.87
AT,2012,2,85.34,92.77
AT,2012,3,70.28,81.0
AT,2012,4,69.03,75.28
AT,2012,5,69.07,73.65
AT,2012,6,69.65,70.31
AT,2012,7,66.22,68.55
AT,2012,8,60.94,68.87
AT,2012,9,58.45,65.05
AT,2012,10,60.66,62.44
AT,2013,1,94.02,96.85
AT,2013,2,84.34,92.65
AT,2013,3,69.85,80.61
AT,2013,4,68.22,74.76
AT,2013,5,68.28,73.16
AT,2013,6,68.99,69.9
AT,2013,7,66.1,68.09
AT,2013,8,60.7,68.46
AT,2013,9,59.34,64.67
AT,2013,10,60.69,62.28
AT,2014,1,94.02,96.86
AT,2014,2,84.46,92.82
AT,2014,3,70.13,80.88
AT,2014,4,68.36,75.02
AT,2014,5,68.38,73.41
AT,2014,6,68.97,70.12
AT,2014,7,66.08,68.27
AT,2014,8,60.73,68.62
AT,2014,9,59.36,64.82
AT,2014,10,60.71,62.43
AT,2015,1,95.31,96.77
AT,2015,2,84.47,92.88
AT,2015,3,70.45,81.02
AT,2015,4,68.65,75.22
AT,2015,5,68.63,73.61
AT,2015,6,69.05,70.35
AT,2015,7,66.18,68.51
AT,2015,8,60.96,68.83
AT,2015,9,59.94,65.09
AT,2015,10,60.85,62.71
AT,2016,1,95.75,96.61
AT,2016,2,82.27,91.81
AT,2016,3,67.02,78.94
AT,2016,4,66.46,72.93
AT,2016,5,66.97,71.33
AT,2016,6,67.79,68.19
AT,2016,7,65.53,66.54
AT,2016,8,61.74,67.07
AT,2016,9,59.8,63.59
AT,2016,10,60.32,61.41
AT,2017,1,93.59,96.36
AT,2017,2,79.87,90.28
AT,2017,3,64.3,76.21
AT,2017,4,63.29,69.61
AT,2017,5,64.05,68.21
AT,2017,6,65.33,65.54
AT,2017,7,63.16,63.6
AT,2017,8,61.05,64.19
AT,2017,9,59.56,60.66
AT,2017,10,60.26,59.54
AT,2018,1,93.57,96.36
AT,2018,2,80.06,90.39
AT,2018,3,64.26,76.37
AT,2018,4,63.43,69.76
AT,2018,5,64.03,68.36
AT,2018,6,65.24,65.67
AT,2018,7,63.25,63.71
AT,2018,8,61.63,64.3
AT,2018,9,59.6,60.78
AT,2018,10,60.15,59.64
AT,2019,1,94.77,96.38
AT,2019,2,73.81,89.67
AT,2019,3,63.33,75.4
AT,2019,4,63.24,69.26
AT,2019,5,64.35,68.04
AT,2019,6,65.23,65.8
AT,2019,7,63.35,63.58
AT,2019,8,61.1,64.38
AT,2019,9,59.46,60.95
AT,2019,10,60.21,59.82
AT,2020,1,93.97,96.26
AT,2020,2,77.34,89.46
AT,2020,3,62.94,75.24
AT,2020,4,63.08,69.01
AT,2020,5,64.35,67.78
AT,2020,6,65.21,65.46
AT,2020,7,63.36,63.26
AT,2020,8,61.76,64.14
AT,2020,9,59.48,60.7
AT,2020,10,60.08,59.6
AT,2021,1,92.44,96.27
AT,2021,2,75.33,90.25
AT,2021,3,63.9,76.22
AT,2021,4,63.52,69.84
AT,2021,5,64.56,68.52
AT,2021,6,65.54,66.02
AT,2021,7,63.64,63.85
AT,2021,8,62.27,64.66
AT,2021,9,60.08,61.19
AT,2021,10,60.3,60.03
AT,2022,1,93.65,96.01
AT,2022,2,74.57,88.96
AT,2022,3,63.77,74.93
AT,2022,4,63.45,69.0
AT,2022,5,64.4,67.87
AT,2022,6,65.71,65.73
AT,2022,7,63.36,63.46
AT,2022,8,61.0,64.39
AT,2022,9,60.27,61.0
AT,2022,10,60.05,59.91
AT,2023,1,92.58,96.25
AT,2023,2,80.45,89.6
AT,2023,3,63.71,75.07
AT,2023,4,62.48,68.87
AT,2023,5,64.46,67.67
AT,2023,6,65.46,65.36
AT,2023,7,62.09,63.03
AT,2023,8,60.21,63.79
AT,2023,9,58.61,60.32
AT,2023,10,59.97,59.29
AT,2024,1,93.95,96.3
AT,2024,2,83.15,89.91
AT,2024,3,64.7,75.22
AT,2024,4,61.75,68.66
AT,2024,5,62.74,67.29
AT,2024,6,63.99,64.61
AT,2024,7,60.46,62.28
AT,2024,8,59.64,62.9
AT,2024,9,58.23,59.34
AT,2024,10,59.78,58.48
AT,2025,1,93.09,96.35
AT,2025,2,85.64,90.07
AT,2025,3,61.46,75.5
AT,2025,4,61.68,68.87
AT,2025,5,62.64,67.45
AT,2025,6,63.95,64.7
AT,2025,7,61.52,62.44
AT,2025,8,59.63,63.11
AT,2025,9,58.4,59.55
AT,2025,10,59.74,58.63
AT,2026,1,92.88,96.31
AT,2026,2,82.2,89.44
AT,2026,3,61.71,74.92
AT,2026,4,61.82,68.52
AT,2026,5,62.83,67.21
AT,2026,6,64.07,64.64
AT,2026,7,62.52,62.44
AT,2026,8,60.81,63.3
AT,2026,9,59.76,59.87
AT,2026,10,59.76,58.94
BE,2009,1,87.98,90.35
BE,2009,2,64.96,75.04
BE,2009,3,73.6,73.37
BE,2009,4,70.41,70.51
BE,2009,5,69.39,69.74
BE,2009,6,69.53,69.34
BE,2009,7,70.04,70.08
BE,2009,8,70.63,69.13
BE,2009,9,70.76,69.39
BE,2009,10,70.77,69.33
BE,2010,1,91.85,90.44
BE,2010,2,66.38,75.05
BE,2010,3,73.98,73.44
BE,2010,4,70.54,70.62
BE,2010,5,70.02,69.86
BE,2010,6,69.73,69.48
BE,2010,7,70.13,70.2
BE,2010,8,70.88,69.3
BE,2010,9,70.84,69.55
BE,2010,10,70.85,69.48
BE,2011,1,87.84,90.24
BE,2011,2,66.14,75.38
BE,2011,3,73.6,73.73
BE,2011,4,70.57,70.81
BE,2011,5,70.24,70.01
BE,2011,6,69.85,69.62
BE,2011,7,70.2,70.34
BE,2011,8,70.56,69.37
BE,2011,9,70.68,69.59
BE,2011,10,70.85,69.46
BE,2012,1,88.04,90.46
BE,2012,2,66.83,76.1
BE,2012,3,73.9,74.05
BE,2012,4,69.97,70.91
BE,2012,5,70.04,70.04
BE,2012,6,69.69,69.61
BE,2012,7,70.08,70.35
BE,2012,8,70.68,69.35
BE,2012,9,70.75,69.57
BE,2012,10,70.82,69.45
BE,2013,1,87.7,90.16
BE,2013,2,65.29,75.65
BE,2013,3,73.23,73.66
BE,2013,4,70.43,70.61
BE,2013,5,69.85,69.82
BE,2013,6,69.61,69.42
BE,2013,7,70.27,70.19
BE,2013,8,70.6,69.2
BE,2013,9,70.65,69.45
BE,2013,10,70.82,69.34
BE,2014,1,86.7,88.73
BE,2014,2,61.31,73.57
BE,2014,3,68.73,70.68
BE,2014,4,64.89,66.26
BE,2014,5,63.68,65.1
BE,2014,6,62.94,64.28
BE,2014,7,63.38,65.17
BE,2014,8,63.34,63.46
BE,2014,9,63.2,63.52
BE,2014,10,63.17,62.63
BE,2015,1,86.66,88.72
BE,2015,2,61.54,73.15
BE,2015,3,70.19,70.37
BE,2015,4,65.33,66.08
BE,2015,5,63.74,64.96
BE,2015,6,62.99,64.17
BE,2015,7,63.47,65.08
BE,2015,8,63.49,63.4
BE,2015,9,63.43,63.5
BE,2015,10,63.28,62.68
BE,2016,1,87.47,86.69
BE,2016,2,59.33,71.49
BE,2016,3,72.14,69.42
BE,2016,4,66.64,65.37
BE,2016,5,64.32,64.43
BE,2016,6,62.93,63.7
BE,2016,7,63.53,64.76
BE,2016,8,63.45,62.99
BE,2016,9,63.24,63.15
BE,2016,10,62.78,62.23
BE,2017,1,85.42,83.97
BE,2017,2,59.61,70.32
BE,2017,3,72.43,68.68
BE,2017,4,66.88,65.22
BE,2017,5,64.58,64.35
BE,2017,6,63.22,63.65
BE,2017,7,63.83,64.73
BE,2017,8,63.76,63.12
BE,2017,9,63.54,63.26
BE,2017,10,63.11,62.51
BE,2018,1,85.21,84.12
BE,2018,2,57.38,69.65
BE,2018,3,71.81,67.74
BE,2018,4,66.38,64.36
BE,2018,5,63.79,63.53
BE,2018,6,62.53,62.81
BE,2018,7,62.42,63.87
BE,2018,8,62.93,62.25
BE,2018,9,63.39,62.44
BE,2018,10,63.21,61.99
BE,2019,1,84.63,83.68
BE,2019,2,56.66,69.18
BE,2019,3,72.17,67.25
BE,2019,4,66.67,64.06
BE,2019,5,63.97,63.3
BE,2019,6,62.36,62.65
BE,2019,7,62.29,63.67
BE,2019,8,62.85,62.08
BE,2019,9,63.16,62.28
BE,2019,10,63.12,61.86
BE,2020,1,86.7,83.41
BE,2020,2,56.37,69.84
BE,2020,3,71.86,67.57
BE,2020,4,66.51,64.15
BE,2020,5,63.79,63.32
BE,2020,6,62.12,62.6
BE,2020,7,62.02,63.69
BE,2020,8,62.61,61.96
BE,2020,9,62.91,62.14
BE,2020,10,62.88,61.65
BE,2021,1,87.32,83.92
BE,2021,2,57.51,71.15
BE,2021,3,72.15,68.62
BE,2021,4,66.73,64.95
BE,2021,5,64.25,64.01
BE,2021,6,62.62,63.23
BE,2021,7,62.56,64.3
BE,2021,8,63.1,62.55
BE,2021,9,63.39,62.72
BE,2021,10,63.35,62.19
BE,2022,1,83.77,82.83
BE,2022,2,58.7,71.59
BE,2022,3,72.72,69.07
BE,2022,4,66.6,64.96
BE,2022,5,63.97,63.96
BE,2022,6,61.86,63.09
BE,2022,7,61.89,64.25
BE,2022,8,62.48,62.21
BE,2022,9,62.49,62.31
BE,2022,10,62.44,61.5
BE,2023,1,83.25,82.63
BE,2023,2,57.36,71.78
BE,2023,3,71.98,68.98
BE,2023,4,66.19,64.64
BE,2023,5,63.48,63.55
BE,2023,6,61.34,62.63
BE,2023,7,61.22,63.83
BE,2023,8,61.95,61.71
BE,2023,9,62.06,61.82
BE,2023,10,62.06,61.02
BE,2024,1,83.68,80.59
BE,2024,2,60.11,70.94
BE,2024,3,75.3,68.88
BE,2024,4,67.57,64.78
BE,2024,5,63.3,63.75
BE,2024,6,61.33,62.8
BE,2024,7,61.17,64.07
BE,2024,8,61.72,61.76
BE,2024,9,62.05,61.87
BE,2024,10,62.06,60.99
BE,2025,1,80.75,79.63
BE,2025,2,59.53,69.81
BE,2025,3,76.26,68.02
BE,2025,4,69.49,64.3
BE,2025,5,63.66,63.48
BE,2025,6,61.17,62.59
BE,2025,7,60.96,63.91
BE,2025,8,61.62,61.55
BE,2025,9,61.92,61.66
BE,2025,10,61.97,60.81
BE,2026,1,80.66,79.49
BE,2026,2,58.83,69.31
BE,2026,3,76.83,67.51
BE,2026,4,70.65,64.03
BE,2026,5,64.34,63.36
BE,2026,6,61.07,62.55
BE,2026,7,60.87,63.86
BE,2026,8,61.6,61.52
BE,2026,9,61.92,61.63
BE,2026,10,61.97,60.79
DK,2009,1,65.24,89.56
DK,2009,2,76.55,82.63
DK,2009,3,67.85,77.01
DK,2009,4,63.67,72.28
DK,2009,5,64.37,70.7
DK,2009,6,65.45,69.34
DK,2009,7,66.26,68.0
DK,2009,8,69.36,65.83
DK,2009,9,71.77,64.84
DK,2009,10,72.01,67.46
DK,2010,1,64.17,89.65
DK,2010,2,75.86,82.37
DK,2010,3,67.63,76.64
DK,2010,4,62.84,71.8
DK,2010,5,61.36,70.17
DK,2010,6,60.84,68.6
DK,2010,7,61.69,66.94
DK,2010,8,64.19,64.29
DK,2010,9,66.36,62.63
DK,2010,10,67.19,64.26
DK,2011,1,64.28,89.39
DK,2011,2,75.89,82.23
DK,2011,3,67.17,76.47
DK,2011,4,62.66,71.61
DK,2011,5,61.53,69.99
DK,2011,6,60.19,68.4
DK,2011,7,60.9,66.69
DK,2011,8,64.06,63.98
DK,2011,9,65.47,62.31
DK,2011,10,67.02,63.96
DK,2012,1,64.0,89.32
DK,2012,2,76.5,82.25
DK,2012,3,67.48,76.51
DK,2012,4,62.4,71.64
DK,2012,5,61.54,70.01
DK,2012,6,60.97,68.44
DK,2012,7,61.97,66.77
DK,2012,8,64.2,64.07
DK,2012,9,65.64,62.4
DK,2012,10,67.02,64.04
DK,2013,1,63.28,89.4
DK,2013,2,75.3,81.76
DK,2013,3,67.77,76.05
DK,2013,4,62.7,71.21
DK,2013,5,62.07,69.63
DK,2013,6,59.87,68.09
DK,2013,7,61.06,66.37
DK,2013,8,63.32,63.62
DK,2013,9,65.38,61.89
DK,2013,10,67.0,63.68
DK,2014,1,60.3,88.77
DK,2014,2,75.67,80.09
DK,2014,3,69.29,75.03
DK,2014,4,64.84,70.61
DK,2014,5,63.72,69.24
DK,2014,6,61.35,67.87
DK,2014,7,60.89,66.17
DK,2014,8,62.65,63.35
DK,2014,9,64.99,61.51
DK,2014,10,67.5,63.44
DK,2015,1,59.94,89.59
DK,2015,2,76.21,80.35
DK,2015,3,69.98,75.34
DK,2015,4,66.09,70.92
DK,2015,5,64.52,69.58
DK,2015,6,62.22,68.22
DK,2015,7,60.43,66.53
DK,2015,8,62.91,63.6
DK,2015,9,64.92,61.68
DK,2015,10,67.7,63.61
DK,2016,1,59.91,89.7
DK,2016,2,75.86,80.35
DK,2016,3,69.92,75.33
DK,2016,4,66.25,70.91
DK,2016,5,64.64,69.56
DK,2016,6,62.27,68.21
DK,2016,7,59.54,66.52
DK,2016,8,62.97,63.53
DK,2016,9,64.55,61.57
DK,2016,10,67.65,63.5
DK,2017,1,59.98,89.76
DK,2017,2,75.66,80.37
DK,2017,3,69.97,75.36
DK,2017,4,66.32,70.95
DK,2017,5,64.89,69.61
DK,2017,6,62.23,68.26
DK,2017,7,59.05,66.59
DK,2017,8,62.91,63.55
DK,2017,9,64.28,61.58
DK,2017,10,67.73,63.5
DK,2018,1,59.75,89.35
DK,2018,2,75.98,80.08
DK,2018,3,69.89,75.08
DK,2018,4,65.97,70.7
DK,2018,5,64.68,69.35
DK,2018,6,62.18,68.0
DK,2018,7,58.87,66.32
DK,2018,8,61.8,63.27
DK,2018,9,63.83,61.28
DK,2018,10,67.75,63.27
DK,2019,1,59.48,88.9
DK,2019,2,76.49,79.84
DK,2019,3,69.75,74.8
DK,2019,4,65.0,70.4
DK,2019,5,63.29,69.03
DK,2019,6,61.34,67.66
DK,2019,7,58.65,65.95
DK,2019,8,61.06,62.91
DK,2019,9,63.67,60.95
DK,2019,10,67.62,63.0
DK,2020,1,59.76,88.67
DK,2020,2,76.63,79.83
DK,2020,3,69.94,74.85
DK,2020,4,64.96,70.51
DK,2020,5,63.2,69.15
DK,2020,6,61.44,67.78
DK,2020,7,58.88,66.09
DK,2020,8,60.7,63.07
DK,2020,9,63.96,61.1
DK,2020,10,67.9,63.16
DK,2021,1,75.03,81.9
DK,2021,2,78.54,79.56
DK,2021,3,69.9,74.73
DK,2021,4,64.43,70.38
DK,2021,5,62.32,69.01
DK,2021,6,60.64,67.62
DK,2021,7,58.88,65.92
DK,2021,8,60.23,62.93
DK,2021,9,63.93,60.99
DK,2021,10,67.87,63.08
DK,2022,1,75.04,81.71
DK,2022,2,76.27,79.43
DK,2022,3,67.98,74.49
DK,2022,4,63.41,70.09
DK,2022,5,61.78,68.67
DK,2022,6,58.8,67.27
DK,2022,7,57.62,65.55
DK,2022,8,61.04,62.69
DK,2022,9,64.16,60.92
DK,2022,10,67.96,63.12
DK,2023,1,74.64,81.41
DK,2023,2,75.92,79.07
DK,2023,3,67.26,74.01
DK,2023,4,64.64,69.53
DK,2023,5,60.49,68.09
DK,2023,6,58.05,66.61
DK,2023,7,56.92,64.84
DK,2023,8,61.04,62.05
DK,2023,9,63.86,60.27
DK,2023,10,67.45,62.53
DK,2024,1,75.01,81.41
DK,2024,2,75.93,79.05
DK,2024,3,65.69,73.91
DK,2024,4,61.38,69.47
DK,2024,5,59.36,68.03
DK,2024,6,58.84,66.55
DK,2024,7,59.26,64.84
DK,2024,8,61.55,62.24
DK,2024,9,65.05,60.68
DK,2024,10,67.76,62.97
DK,2025,1,74.58,81.04
DK,2025,2,75.65,78.67
DK,2025,3,65.96,73.51
DK,2025,4,61.2,69.11
DK,2025,5,59.76,67.69
DK,2025,6,58.58,66.22
DK,2025,7,57.88,64.52
DK,2025,8,61.43,61.86
DK,2025,9,64.55,60.31
DK,2025,10,67.68,62.67
DK,2026,1,113.28,55.67
DK,2026,2,97.6,67.96
DK,2026,3,58.59,65.8
DK,2026,4,57.35,63.0
DK,2026,5,57.04,62.08
DK,2026,6,56.55,61.16
DK,2026,7,56.4,60.13
DK,2026,8,57.98,58.62
DK,2026,9,61.41,57.77
DK,2026,10,67.39,60.51
FI,2009,1,57.01,67.49
FI,2009,2,59.55,65.08
FI,2009,3,60.89,63.32
FI,2009,4,62.2,62.84
FI,2009,5,62.93,62.24
FI,2009,6,63.63,61.3
FI,2009,7,64.27,60.04
FI,2009,8,64.85,60.22
FI,2009,9,65.24,60.53
FI,2009,10,69.01,62.2
FI,2010,1,57.1,67.15
FI,2010,2,59.88,64.82
FI,2010,3,61.35,63.13
FI,2010,4,62.4,62.68
FI,2010,5,63.39,62.13
FI,2010,6,64.0,61.24
FI,2010,7,64.64,60.05
FI,2010,8,65.21,60.28
FI,2010,9,65.6,60.63
FI,2010,10,69.32,62.37
FI,2011,1,57.81,67.33
FI,2011,2,60.57,65.08
FI,2011,3,62.02,63.48
FI,2011,4,62.88,63.07
FI,2011,5,64.05,62.55
FI,2011,6,64.68,61.72
FI,2011,7,65.32,60.6
FI,2011,8,65.86,60.85
FI,2011,9,66.24,61.22
FI,2011,10,69.93,62.97
FI,2012,1,58.79,68.46
FI,2012,2,61.28,66.2
FI,2012,3,62.3,64.4
FI,2012,4,62.98,63.95
FI,2012,5,64.02,63.32
FI,2012,6,64.79,62.36
FI,2012,7,65.51,61.07
FI,2012,8,66.07,61.27
FI,2012,9,66.45,61.57
FI,2012,10,70.18,63.19
FI,2013,1,60.03,69.41
FI,2013,2,61.54,67.15
FI,2013,3,62.63,65.28
FI,2013,4,63.82,64.79
FI,2013,5,64.56,64.14
FI,2013,6,65.26,63.13
FI,2013,7,65.85,61.79
FI,2013,8,66.28,61.94
FI,2013,9,66.66,62.17
FI,2013,10,70.56,63.74
FI,2014,1,60.47,69.57
FI,2014,2,61.87,67.34
FI,2014,3,63.0,65.48
FI,2014,4,63.94,64.99
FI,2014,5,64.8,64.33
FI,2014,6,65.55,63.33
FI,2014,7,66.21,61.99
FI,2014,8,66.64,62.15
FI,2014,9,67.02,62.4
FI,2014,10,70.86,63.96
FI,2015,1,61.18,69.59
FI,2015,2,62.02,67.4
FI,2015,3,63.29,65.52
FI,2015,4,64.02,65.05
FI,2015,5,65.01,64.39
FI,2015,6,65.71,63.39
FI,2015,7,66.39,62.05
FI,2015,8,66.82,62.22
FI,2015,9,67.11,62.47
FI,2015,10,71.21,64.1
FI,2016,1,60.74,69.37
FI,2016,2,62.69,67.29
FI,2016,3,63.92,65.52
FI,2016,4,64.45,65.11
FI,2016,5,65.65,64.5
FI,2016,6,66.28,63.56
FI,2016,7,67.02,62.31
FI,2016,8,67.5,62.54
FI,2016,9,67.8,62.85
FI,2016,10,72.31,64.69
FI,2017,1,59.77,68.52
FI,2017,2,61.37,66.36
FI,2017,3,62.81,64.55
FI,2017,4,63.36,64.15
FI,2017,5,64.59,63.52
FI,2017,6,65.28,62.59
FI,2017,7,66.06,61.33
FI,2017,8,66.8,61.58
FI,2017,9,67.16,61.93
FI,2017,10,71.47,63.75
FI,2018,1,59.97,68.28
FI,2018,2,61.22,66.16
FI,2018,3,62.66,64.36
FI,2018,4,63.13,63.98
FI,2018,5,64.5,63.37
FI,2018,6,65.24,62.45
FI,2018,7,66.07,61.21
FI,2018,8,66.75,61.47
FI,2018,9,67.13,61.83
FI,2018,10,71.42,63.68
FI,2019,1,59.82,67.76
FI,2019,2,60.85,65.7
FI,2019,3,62.31,63.93
FI,2019,4,62.89,63.59
FI,2019,5,64.19,62.99
FI,2019,6,65.06,62.07
FI,2019,7,65.71,60.84
FI,2019,8,66.37,61.12
FI,2019,9,66.97,61.49
FI,2019,10,71.25,63.39
FI,2020,1,59.01,66.3
FI,2020,2,60.94,64.39
FI,2020,3,62.34,62.71
FI,2020,4,62.4,62.44
FI,2020,5,63.53,61.9
FI,2020,6,64.44,61.03
FI,2020,7,65.13,59.86
FI,2020,8,65.96,60.19
FI,2020,9,66.41,60.62
FI,2020,10,70.85,62.68
FI,2021,1,59.62,66.97
FI,2021,2,62.06,65.18
FI,2021,3,63.42,63.61
FI,2021,4,63.59,63.38
FI,2021,5,64.79,62.88
FI,2021,6,65.57,62.08
FI,2021,7,66.24,60.98
FI,2021,8,67.04,61.32
FI,2021,9,67.48,61.77
FI,2021,10,71.74,63.79
FI,2022,1,58.67,66.57
FI,2022,2,61.85,64.78
FI,2022,3,63.22,63.23
FI,2022,4,63.31,63.01
FI,2022,5,64.6,62.53
FI,2022,6,65.3,61.74
FI,2022,7,65.98,60.65
FI,2022,8,66.78,61.0
FI,2022,9,67.23,61.46
FI,2022,10,71.4,63.5
FI,2023,1,59.15,66.91
FI,2023,2,62.01,64.97
FI,2023,3,63.06,63.2
FI,2023,4,63.83,63.0
FI,2023,5,63.96,62.45
FI,2023,6,65.58,61.55
FI,2023,7,66.11,60.35
FI,2023,8,66.83,60.74
FI,2023,9,67.93,61.23
FI,2023,10,70.57,63.34
FI,2024,1,58.08,66.58
FI,2024,2,60.17,64.43
FI,2024,3,62.23,62.57
FI,2024,4,62.55,62.29
FI,2024,5,63.08,61.69
FI,2024,6,64.78,60.7
FI,2024,7,65.37,59.41
FI,2024,8,66.05,59.77
FI,2024,9,67.01,60.26
FI,2024,10,69.04,62.24
FI,2025,1,57.89,65.98
FI,2025,2,61.11,64.09
FI,2025,3,62.94,62.4
FI,2025,4,63.68,62.23
FI,2025,5,65.1,61.77
FI,2025,6,66.08,60.97
FI,2025,7,66.98,59.86
FI,2025,8,67.67,60.39
FI,2025,9,68.22,61.03
FI,2025,10,68.81,62.83
FI,2026,1,55.3,65.0
FI,2026,2,60.46,63.07
FI,2026,3,62.54,61.5
FI,2026,4,63.44,61.4
FI,2026,5,65.22,61.0
FI,2026,6,66.15,60.32
FI,2026,7,67.11,59.34
FI,2026,8,67.76,59.95
FI,2026,9,68.18,60.68
FI,2026,10,68.18,62.55
FR,2009,1,61.05,60.65
FR,2009,2,70.26,60.4
FR,2009,3,71.51,62.05
FR,2009,4,67.76,63.38
FR,2009,5,66.04,63.16
FR,2009,6,62.77,63.01
FR,2009,7,59.94,62.84
FR,2009,8,58.63,62.05
FR,2009,9,60.92,60.99
FR,2009,10,61.18,61.12
FR,2010,1,60.81,60.81
FR,2010,2,70.33,60.5
FR,2010,3,71.01,62.14
FR,2010,4,67.71,63.41
FR,2010,5,65.34,63.14
FR,2010,6,61.96,62.96
FR,2010,7,59.06,62.75
FR,2010,8,59.37,61.91
FR,2010,9,59.99,60.74
FR,2010,10,60.93,60.74
FR,2011,1,60.98,60.98
FR,2011,2,70.56,60.83
FR,2011,3,70.83,62.48
FR,2011,4,68.03,63.69
FR,2011,5,65.56,63.42
FR,2011,6,62.34,63.23
FR,2011,7,60.22,63.02
FR,2011,8,59.12,62.22
FR,2011,9,60.36,61.1
FR,2011,10,61.07,61.11
FR,2012,1,61.17,61.16
FR,2012,2,70.57,60.78
FR,2012,3,72.35,62.41
FR,2012,4,68.32,63.84
FR,2012,5,66.59,63.65
FR,2012,6,63.95,63.53
FR,2012,7,60.13,63.42
FR,2012,8,59.55,62.61
FR,2012,9,61.05,61.51
FR,2012,10,61.5,61.52
FR,2013,1,61.28,61.26
FR,2013,2,70.66,61.06
FR,2013,3,71.99,62.73
FR,2013,4,68.51,64.08
FR,2013,5,66.97,63.88
FR,2013,6,64.45,63.75
FR,2013,7,60.38,63.63
FR,2013,8,60.69,62.89
FR,2013,9,61.64,61.94
FR,2013,10,62.1,61.99
FR,2014,1,61.57,61.55
FR,2014,2,72.07,61.43
FR,2014,3,71.92,63.16
FR,2014,4,68.78,64.48
FR,2014,5,66.7,64.25
FR,2014,6,64.88,64.14
FR,2014,7,62.55,64.1
FR,2014,8,61.79,63.51
FR,2014,9,62.39,62.67
FR,2014,10,62.44,62.6
FR,2015,1,61.4,61.48
FR,2015,2,70.97,61.44
FR,2015,3,70.9,63.14
FR,2015,4,69.02,64.39
FR,2015,5,66.71,64.25
FR,2015,6,64.49,64.2
FR,2015,7,62.55,64.12
FR,2015,8,61.67,63.54
FR,2015,9,64.21,62.91
FR,2015,10,62.6,63.1
FR,2016,1,56.39,61.12
FR,2016,2,71.66,60.34
FR,2016,3,73.8,63.0
FR,2016,4,72.16,64.59
FR,2016,5,67.93,64.79
FR,2016,6,65.43,64.92
FR,2016,7,63.21,64.88
FR,2016,8,61.87,64.28
FR,2016,9,64.77,63.66
FR,2016,10,62.93,63.74
FR,2017,1,56.83,61.71
FR,2017,2,73.02,61.09
FR,2017,3,73.67,63.58
FR,2017,4,70.93,65.13
FR,2017,5,69.88,65.25
FR,2017,6,67.96,65.3
FR,2017,7,65.39,65.24
FR,2017,8,61.84,64.62
FR,2017,9,65.02,63.92
FR,2017,10,63.35,63.95
FR,2018,1,56.56,62.04
FR,2018,2,72.37,61.81
FR,2018,3,74.48,64.12
FR,2018,4,70.91,65.61
FR,2018,5,67.82,65.64
FR,2018,6,66.35,65.64
FR,2018,7,62.36,65.55
FR,2018,8,62.08,64.79
FR,2018,9,65.52,64.03
FR,2018,10,63.27,63.97
FR,2019,1,46.7,58.3
FR,2019,2,70.7,56.69
FR,2019,3,74.74,60.75
FR,2019,4,70.13,62.81
FR,2019,5,68.22,63.26
FR,2019,6,65.78,63.65
FR,2019,7,63.06,64.12
FR,2019,8,70.6,64.15
FR,2019,9,68.85,64.37
FR,2019,10,65.77,64.71
FR,2020,1,54.75,56.92
FR,2020,2,69.17,54.95
FR,2020,3,75.18,58.89
FR,2020,4,72.72,61.74
FR,2020,5,69.48,62.54
FR,2020,6,66.54,63.19
FR,2020,7,65.08,63.61
FR,2020,8,62.91,63.99
FR,2020,9,65.29,63.94
FR,2020,10,65.6,64.4
FR,2021,1,45.66,56.11
FR,2021,2,72.24,54.82
FR,2021,3,76.24,59.46
FR,2021,4,73.02,62.05
FR,2021,5,69.99,62.89
FR,2021,6,67.15,63.54
FR,2021,7,70.88,63.94
FR,2021,8,70.29,64.26
FR,2021,9,67.76,64.39
FR,2021,10,66.54,64.87
FR,2022,1,47.42,56.51
FR,2022,2,72.33,55.17
FR,2022,3,77.67,59.76
FR,2022,4,73.37,62.31
FR,2022,5,70.95,63.1
FR,2022,6,67.38,63.66
FR,2022,7,67.19,64.14
FR,2022,8,71.06,64.32
FR,2022,9,68.26,64.39
FR,2022,10,66.33,64.8
FR,2023,1,44.94,55.98
FR,2023,2,70.75,54.19
FR,2023,3,75.27,58.74
FR,2023,4,71.05,61.39
FR,2023,5,68.56,62.17
FR,2023,6,65.72,62.73
FR,2023,7,71.78,63.03
FR,2023,8,66.06,63.41
FR,2023,9,67.68,63.54
FR,2023,10,65.81,64.07
FR,2024,1,49.82,56.03
FR,2024,2,70.66,53.33
FR,2024,3,75.18,57.92
FR,2024,4,72.1,60.8
FR,2024,5,69.12,61.75
FR,2024,6,66.04,62.4
FR,2024,7,65.51,62.77
FR,2024,8,62.43,63.25
FR,2024,9,65.03,63.33
FR,2024,10,65.21,63.9
FR,2025,1,50.05,56.13
FR,2025,2,69.61,53.51
FR,2025,3,75.2,57.96
FR,2025,4,71.88,60.82
FR,2025,5,68.92,61.73
FR,2025,6,66.35,62.44
FR,2025,7,71.6,63.22
FR,2025,8,63.51,63.54
FR,2025,9,64.1,63.63
FR,2025,10,65.58,63.89
FR,2026,1,46.47,57.17
FR,2026,2,66.89,53.43
FR,2026,3,72.2,57.18
FR,2026,4,72.34,59.93
FR,2026,5,71.68,61.18
FR,2026,6,70.1,62.38
FR,2026,7,67.8,63.27
FR,2026,8,66.02,63.6
FR,2026,9,65.32,63.63
FR,2026,10,65.65,63.93
DE,2009,1,86.38,74.36
DE,2009,2,72.56,72.44
DE,2009,3,64.74,69.18
DE,2009,4,66.54,68.2
DE,2009,5,67.48,67.88
DE,2009,6,65.84,67.36
DE,2009,7,64.22,67.3
DE,2009,8,63.49,66.9
DE,2009,9,58.16,66.08
DE,2009,10,52.87,62.78
DE,2010,1,82.43,74.72
DE,2010,2,60.24,72.16
DE,2010,3,60.79,67.68
DE,2010,4,62.46,66.22
DE,2010,5,62.92,65.62
DE,2010,6,62.05,64.72
DE,2010,7,61.1,64.59
DE,2010,8,60.29,64.11
DE,2010,9,56.22,63.32
DE,2010,10,52.48,60.4
DE,2011,1,86.12,75.26
DE,2011,2,58.69,72.59
DE,2011,3,61.52,68.2
DE,2011,4,63.15,66.76
DE,2011,5,62.56,66.12
DE,2011,6,62.64,65.18
DE,2011,7,61.74,65.01
DE,2011,8,59.17,64.49
DE,2011,9,55.32,63.59
DE,2011,10,52.87,60.63
DE,2012,1,81.68,75.37
DE,2012,2,58.58,72.51
DE,2012,3,61.57,68.11
DE,2012,4,63.07,66.67
DE,2012,5,62.45,66.03
DE,2012,6,62.54,65.1
DE,2012,7,61.76,64.93
DE,2012,8,59.24,64.39
DE,2012,9,55.0,63.47
DE,2012,10,52.83,60.52
DE,2013,1,81.51,75.23
DE,2013,2,58.28,72.54
DE,2013,3,61.33,68.0
DE,2013,4,62.83,66.51
DE,2013,5,62.21,65.88
DE,2013,6,62.28,64.94
DE,2013,7,61.51,64.79
DE,2013,8,59.6,64.29
DE,2013,9,55.93,63.46
DE,2013,10,52.91,60.59
DE,2014,1,85.48,75.44
DE,2014,2,58.45,72.65
DE,2014,3,61.45,68.07
DE,2014,4,62.98,66.59
DE,2014,5,62.42,65.96
DE,2014,6,62.46,65.06
DE,2014,7,61.73,64.92
DE,2014,8,59.89,64.44
DE,2014,9,56.24,63.63
DE,2014,10,53.03,60.77
DE,2015,1,81.71,75.68
DE,2015,2,58.63,72.29
DE,2015,3,61.54,67.87
DE,2015,4,63.11,66.46
DE,2015,5,62.55,65.87
DE,2015,6,62.56,65.03
DE,2015,7,61.81,64.88
DE,2015,8,60.04,64.42
DE,2015,9,56.41,63.61
DE,2015,10,53.07,60.82
DE,2016,1,84.25,75.77
DE,2016,2,58.57,72.08
DE,2016,3,61.45,67.78
DE,2016,4,63.03,66.38
DE,2016,5,62.48,65.8
DE,2016,6,62.42,64.96
DE,2016,7,61.64,64.81
DE,2016,8,59.92,64.35
DE,2016,9,56.32,63.53
DE,2016,10,52.97,60.74
DE,2017,1,79.45,75.13
DE,2017,2,58.57,71.56
DE,2017,3,61.47,67.28
DE,2017,4,63.04,65.94
DE,2017,5,62.97,65.66
DE,2017,6,62.41,64.89
DE,2017,7,61.6,64.55
DE,2017,8,60.57,64.24
DE,2017,9,56.8,63.32
DE,2017,10,52.97,60.75
DE,2018,1,78.68,75.14
DE,2018,2,70.14,71.12
DE,2018,3,61.27,66.92
DE,2018,4,62.9,65.62
DE,2018,5,62.29,65.35
DE,2018,6,62.28,64.6
DE,2018,7,61.48,64.26
DE,2018,8,59.99,63.95
DE,2018,9,56.41,63.03
DE,2018,10,52.85,60.49
DE,2019,1,77.61,72.87
DE,2019,2,59.18,61.77
DE,2019,3,51.75,57.08
DE,2019,4,53.57,55.82
DE,2019,5,52.8,55.6
DE,2019,6,53.04,55.03
DE,2019,7,51.91,54.65
DE,2019,8,51.79,54.38
DE,2019,9,51.44,53.83
DE,2019,10,52.85,53.63
DE,2020,1,79.02,74.7
DE,2020,2,52.76,61.02
DE,2020,3,51.99,56.93
DE,2020,4,53.11,55.71
DE,2020,5,54.3,55.45
DE,2020,6,53.49,54.96
DE,2020,7,51.29,54.63
DE,2020,8,51.07,54.35
DE,2020,9,50.85,53.75
DE,2020,10,52.48,53.44
DE,2021,1,79.81,75.06
DE,2021,2,51.6,60.99
DE,2021,3,51.19,56.79
DE,2021,4,52.31,55.41
DE,2021,5,53.52,55.14
DE,2021,6,52.48,54.45
DE,2021,7,50.63,54.06
DE,2021,8,51.13,53.78
DE,2021,9,52.07,53.32
DE,2021,10,54.33,53.7
DE,2022,1,82.27,73.64
DE,2022,2,50.21,60.06
DE,2022,3,51.99,55.99
DE,2022,4,52.61,54.78
DE,2022,5,51.79,54.53
DE,2022,6,51.78,53.87
DE,2022,7,51.02,53.46
DE,2022,8,51.41,53.29
DE,2022,9,52.38,52.93
DE,2022,10,53.53,53.43
DE,2023,1,74.73,74.43
DE,2023,2,30.24,61.58
DE,2023,3,51.05,56.35
DE,2023,4,51.88,54.97
DE,2023,5,50.37,54.54
DE,2023,6,49.86,53.66
DE,2023,7,49.37,53.18
DE,2023,8,50.11,52.88
DE,2023,9,51.66,52.46
DE,2023,10,52.81,52.85
DE,2024,1,79.29,72.43
DE,2024,2,47.59,64.35
DE,2024,3,52.77,57.83
DE,2024,4,51.99,56.03
DE,2024,5,52.12,55.51
DE,2024,6,50.72,53.94
DE,2024,7,48.17,53.51
DE,2024,8,48.24,52.88
DE,2024,9,49.35,52.15
DE,2024,10,53.11,52.03
DE,2025,1,79.89,73.41
DE,2025,2,48.86,64.14
DE,2025,3,51.5,57.81
DE,2025,4,51.44,56.05
DE,2025,5,52.22,55.54
DE,2025,6,51.58,54.2
DE,2025,7,49.84,53.82
DE,2025,8,48.75,53.25
DE,2025,9,49.05,52.49
DE,2025,10,53.1,52.23
DE,2026,1,79.83,73.48
DE,2026,2,43.59,63.8
DE,2026,3,51.75,57.62
DE,2026,4,51.69,55.94
DE,2026,5,52.47,55.46
DE,2026,6,51.82,54.3
DE,2026,7,50.18,53.96
DE,2026,8,49.88,53.46
DE,2026,9,49.26,52.76
DE,2026,10,53.1,52.47
EL,2009,1,11.97,12.78
EL,2009,2,22.73,13.46
EL,2009,3,32.95,16.79
EL,2009,4,33.65,18.9
EL,2009,5,33.65,20.25
EL,2009,6,33.65,21.74
EL,2009,7,35.5,23.18
EL,2009,8,37.66,24.98
EL,2009,9,40.93,27.49
EL,2009,10,43.48,33.91
EL,2010,1,13.53,14.34
EL,2010,2,22.63,15.03
EL,2010,3,31.44,17.79
EL,2010,4,33.55,19.86
EL,2010,5,35.44,21.34
EL,2010,6,38.78,23.11
EL,2010,7,42.59,25.08
EL,2010,8,42.24,27.29
EL,2010,9,45.25,30.13
EL,2010,10,51.34,38.28
EL,2011,1,19.69,15.18
EL,2011,2,28.18,18.79
EL,2011,3,34.8,21.64
EL,2011,4,34.35,23.48
EL,2011,5,35.49,24.67
EL,2011,6,37.97,26.19
EL,2011,7,42.11,27.86
EL,2011,8,42.67,29.86
EL,2011,9,45.91,32.34
EL,2011,10,50.53,39.61
EL,2012,1,20.36,15.41
EL,2012,2,27.46,18.91
EL,2012,3,35.21,21.63
EL,2012,4,35.03,23.51
EL,2012,5,35.74,24.71
EL,2012,6,36.98,26.23
EL,2012,7,40.97,27.83
EL,2012,8,42.72,29.83
EL,2012,9,45.95,32.27
EL,2012,10,49.83,39.61
EL,2013,1,14.88,15.19
EL,2013,2,29.14,17.4
EL,2013,3,37.69,21.08
EL,2013,4,33.99,22.88
EL,2013,5,35.91,24.44
EL,2013,6,37.38,25.75
EL,2013,7,42.58,27.59
EL,2013,8,52.65,30.1
EL,2013,9,50.36,33.6
EL,2013,10,52.15,41.87
EL,2014,1,30.96,16.1
EL,2014,2,31.98,20.42
EL,2014,3,36.57,24.57
EL,2014,4,34.27,25.7
EL,2014,5,35.02,26.8
EL,2014,6,38.68,27.71
EL,2014,7,46.26,29.27
EL,2014,8,49.85,31.55
EL,2014,9,50.87,34.79
EL,2014,10,52.72,42.59
EL,2015,1,17.84,15.46
EL,2015,2,32.95,17.33
EL,2015,3,34.89,20.91
EL,2015,4,37.15,22.6
EL,2015,5,40.28,24.08
EL,2015,6,37.86,25.39
EL,2015,7,41.17,27.13
EL,2015,8,45.49,29.53
EL,2015,9,52.87,33.15
EL,2015,10,53.8,42.37
EL,2016,1,41.9,29.14
EL,2016,2,30.46,26.79
EL,2016,3,36.42,28.67
EL,2016,4,36.32,29.06
EL,2016,5,36.48,29.62
EL,2016,6,40.35,29.96
EL,2016,7,42.33,31.11
EL,2016,8,43.97,32.45
EL,2016,9,49.08,35.06
EL,2016,10,59.97,43.91
EL,2017,1,31.27,53.59
EL,2017,2,36.04,38.5
EL,2017,3,36.03,39.13
EL,2017,4,38.84,37.5
EL,2017,5,36.07,36.11
EL,2017,6,39.59,35.5
EL,2017,7,41.95,35.16
EL,2017,8,43.61,35.09
EL,2017,9,48.63,37.13
EL,2017,10,59.69,44.59
EL,2018,1,29.36,52.3
EL,2018,2,35.99,37.96
EL,2018,3,38.2,39.16
EL,2018,4,37.09,37.98
EL,2018,5,38.37,36.8
EL,2018,6,40.9,36.35
EL,2018,7,42.87,36.08
EL,2018,8,44.46,36.24
EL,2018,9,49.7,38.24
EL,2018,10,60.62,45.77
EL,2019,1,22.49,51.56
EL,2019,2,38.86,36.26
EL,2019,3,40.33,37.14
EL,2019,4,39.83,36.11
EL,2019,5,39.08,35.23
EL,2019,6,40.67,34.97
EL,2019,7,42.62,35.0
EL,2019,8,44.29,35.45
EL,2019,9,49.52,37.64
EL,2019,10,60.5,45.58
EL,2020,1,28.44,55.41
EL,2020,2,22.84,36.54
EL,2020,3,33.8,36.1
EL,2020,4,36.33,34.81
EL,2020,5,36.83,33.8
EL,2020,6,38.67,33.35
EL,2020,7,40.47,33.17
EL,2020,8,43.69,33.41
EL,2020,9,48.78,35.39
EL,2020,10,58.74,43.07
EL,2021,1,25.32,54.03
EL,2021,2,26.79,36.16
EL,2021,3,35.9,36.4
EL,2021,4,35.76,35.26
EL,2021,5,35.85,34.21
EL,2021,6,38.59,33.8
EL,2021,7,39.18,33.53
EL,2021,8,40.11,33.55
EL,2021,9,44.22,35.16
EL,2021,10,52.93,41.25
EL,2022,1,22.14,54.68
EL,2022,2,41.53,38.33
EL,2022,3,37.94,39.21
EL,2022,4,37.97,38.13
EL,2022,5,41.54,37.12
EL,2022,6,41.83,36.89
EL,2022,7,41.96,36.66
EL,2022,8,44.35,36.86
EL,2022,9,47.31,38.48
EL,2022,10,54.64,44.4
EL,2023,1,21.7,48.25
EL,2023,2,32.56,35.1
EL,2023,3,37.23,36.46
EL,2023,4,39.62,35.66
EL,2023,5,39.31,34.85
EL,2023,6,41.9,34.99
EL,2023,7,44.62,34.92
EL,2023,8,44.52,35.4
EL,2023,9,48.51,37.5
EL,2023,10,53.82,43.68
EL,2024,1,19.45,45.86
EL,2024,2,41.83,35.41
EL,2024,3,39.61,36.97
EL,2024,4,41.09,36.3
EL,2024,5,42.13,35.3
EL,2024,6,43.93,35.38
EL,2024,7,44.69,35.69
EL,2024,8,47.42,36.07
EL,2024,9,51.81,38.48
EL,2024,10,53.79,44.61
EL,2025,1,20.76,43.23
EL,2025,2,36.72,35.3
EL,2025,3,39.14,36.8
EL,2025,4,40.31,36.33
EL,2025,5,40.83,35.58
EL,2025,6,44.61,35.81
EL,2025,7,45.96,36.29
EL,2025,8,48.86,36.88
EL,2025,9,52.62,39.44
EL,2025,10,53.65,45.27
EL,2026,1,19.62,42.36
EL,2026,2,38.76,34.41
EL,2026,3,37.87,35.57
EL,2026,4,38.54,35.11
EL,2026,5,43.65,33.9
EL,2026,6,42.55,34.36
EL,2026,7,43.93,34.73
EL,2026,8,49.42,35.23
EL,2026,9,51.04,37.76
EL,2026,10,53.08,43.59
IE,2009,1,23.57,21.83
IE,2009,2,56.22,12.05
IE,2009,3,59.38,27.24
IE,2009,4,57.13,34.21
IE,2009,5,57.12,39.24
IE,2009,6,59.83,42.03
IE,2009,7,61.14,45.39
IE,2009,8,62.09,47.86
IE,2009,9,62.26,51.29
IE,2009,10,61.73,55.91
IE,2010,1,24.05,22.22
IE,2010,2,57.34,12.1
IE,2010,3,62.07,27.43
IE,2010,4,62.32,34.47
IE,2010,5,58.67,39.55
IE,2010,6,58.73,42.39
IE,2010,7,61.41,45.76
IE,2010,8,62.3,48.21
IE,2010,9,62.44,51.6
IE,2010,10,61.93,56.17
IE,2011,1,25.21,23.1
IE,2011,2,56.17,12.53
IE,2011,3,62.29,28.22
IE,2011,4,58.4,34.96
IE,2011,5,62.0,39.77
IE,2011,6,61.48,42.94
IE,2011,7,62.34,46.52
IE,2011,8,63.16,49.02
IE,2011,9,63.17,52.35
IE,2011,10,63.17,57.02
IE,2012,1,22.45,18.95
IE,2012,2,60.35,11.61
IE,2012,3,68.91,28.8
IE,2012,4,58.24,35.76
IE,2012,5,61.45,40.48
IE,2012,6,61.21,43.6
IE,2012,7,63.34,47.11
IE,2012,8,63.36,49.56
IE,2012,9,63.37,52.81
IE,2012,10,63.37,57.37
IE,2013,1,22.4,19.53
IE,2013,2,60.19,13.02
IE,2013,3,64.64,30.53
IE,2013,4,58.57,36.98
IE,2013,5,60.16,41.62
IE,2013,6,61.5,44.6
IE,2013,7,63.64,48.01
IE,2013,8,63.55,50.35
IE,2013,9,63.55,53.48
IE,2013,10,63.55,57.84
IE,2014,1,26.58,23.64
IE,2014,2,55.23,16.51
IE,2014,3,57.08,31.86
IE,2014,4,59.09,37.79
IE,2014,5,60.07,42.37
IE,2014,6,61.85,45.3
IE,2014,7,64.11,48.66
IE,2014,8,63.93,50.96
IE,2014,9,63.93,54.03
IE,2014,10,63.93,58.32
IE,2015,1,26.34,23.88
IE,2015,2,54.78,16.63
IE,2015,3,56.12,31.82
IE,2015,4,58.12,37.6
IE,2015,5,59.09,42.03
IE,2015,6,62.67,44.86
IE,2015,7,62.5,48.15
IE,2015,8,63.33,50.41
IE,2015,9,63.77,53.49
IE,2015,10,64.07,57.99
IE,2016,1,26.56,24.15
IE,2016,2,59.17,16.2
IE,2016,3,61.3,31.28
IE,2016,4,58.69,37.43
IE,2016,5,58.52,41.75
IE,2016,6,60.62,44.57
IE,2016,7,62.25,47.73
IE,2016,8,62.37,49.92
IE,2016,9,63.53,52.97
IE,2016,10,64.18,57.66
IE,2017,1,26.36,23.84
IE,2017,2,57.58,16.47
IE,2017,3,60.41,31.3
IE,2017,4,61.28,37.26
IE,2017,5,60.35,41.52
IE,2017,6,60.64,44.33
IE,2017,7,61.67,47.46
IE,2017,8,62.15,49.61
IE,2017,9,63.31,52.67
IE,2017,10,64.08,57.42
IE,2018,1,26.41,23.89
IE,2018,2,57.1,17.63
IE,2018,3,57.07,32.09
IE,2018,4,58.05,37.75
IE,2018,5,60.32,41.82
IE,2018,6,60.77,44.55
IE,2018,7,61.29,47.64
IE,2018,8,62.26,49.75
IE,2018,9,63.33,52.79
IE,2018,10,64.11,57.5
IE,2019,1,26.93,24.43
IE,2019,2,58.44,22.26
IE,2019,3,57.39,34.87
IE,2019,4,57.75,39.91
IE,2019,5,59.67,43.65
IE,2019,6,61.05,46.15
IE,2019,7,61.59,48.95
IE,2019,8,62.85,50.98
IE,2019,9,63.84,53.84
IE,2019,10,64.23,58.19
IE,2020,1,26.31,23.27
IE,2020,2,59.18,21.54
IE,2020,3,55.87,34.31
IE,2020,4,57.35,39.4
IE,2020,5,59.13,43.2
IE,2020,6,60.63,45.7
IE,2020,7,61.23,48.51
IE,2020,8,62.42,50.53
IE,2020,9,63.43,53.38
IE,2020,10,63.71,57.71
IE,2022,1,27.05,24.36
IE,2022,2,59.4,23.2
IE,2022,3,56.55,35.52
IE,2022,4,62.07,40.51
IE,2022,5,59.97,44.3
IE,2022,6,60.91,46.74
IE,2022,7,62.18,49.48
IE,2022,8,63.27,51.46
IE,2022,9,64.16,54.24
IE,2022,10,64.16,58.39
IE,2023,1,27.12,23.66
IE,2023,2,58.84,23.05
IE,2023,3,55.29,34.9
IE,2023,4,61.64,39.8
IE,2023,5,59.03,43.6
IE,2023,6,60.5,46.04
IE,2023,7,62.33,48.84
IE,2023,8,63.3,50.93
IE,2023,9,63.78,53.77
IE,2023,10,63.78,57.93
IE,2024,1,27.7,23.58
IE,2024,2,56.98,19.86
IE,2024,3,54.84,33.02
IE,2024,4,57.52,38.11
IE,2024,5,59.02,42.14
IE,2024,6,61.13,44.68
IE,2024,7,61.8,47.66
IE,2024,8,62.94,49.88
IE,2024,9,63.91,52.94
IE,2024,10,63.91,57.49
IE,2025,1,27.27,23.64
IE,2025,2,55.44,18.76
IE,2025,3,54.72,32.19
IE,2025,4,56.54,37.51
IE,2025,5,60.47,41.46
IE,2025,6,59.49,44.07
IE,2025,7,61.69,47.09
IE,2025,8,63.3,49.4
IE,2025,9,63.94,52.58
IE,2025,10,63.94,57.28
IE,2026,1,27.41,23.68
IE,2026,2,55.56,16.93
IE,2026,3,54.81,31.35
IE,2026,4,58.07,36.98
IE,2026,5,60.23,41.39
IE,2026,6,60.21,44.07
IE,2026,7,62.51,47.2
IE,2026,8,63.41,49.52
IE,2026,9,64.05,52.7
IE,2026,10,64.05,57.38
IT,2009,1,22.72,2.7
IT,2009,2,42.3,18.13
IT,2009,3,40.99,24.97
IT,2009,4,40.1,27.35
IT,2009,5,42.97,28.09
IT,2009,6,44.31,29.5
IT,2009,7,46.11,32.31
IT,2009,8,48.21,34.05
IT,2009,9,49.15,37.34
IT,2009,10,48.61,42.01
IT,2010,1,23.9,3.95
IT,2010,2,40.96,19.35
IT,2010,3,41.84,25.94
IT,2010,4,40.28,28.21
IT,2010,5,43.39,29.0
IT,2010,6,45.11,30.41
IT,2010,7,46.71,33.17
IT,2010,8,48.46,34.9
IT,2010,9,49.36,38.1
IT,2010,10,49.22,42.59
IT,2011,1,24.15,4.56
IT,2011,2,39.77,19.94
IT,2011,3,41.59,26.37
IT,2011,4,41.08,28.57
IT,2011,5,43.81,29.41
IT,2011,6,45.19,30.83
IT,2011,7,46.72,33.57
IT,2011,8,48.92,35.3
IT,2011,9,49.45,38.44
IT,2011,10,49.41,42.82
IT,2012,1,26.09,5.13
IT,2012,2,41.2,20.38
IT,2012,3,41.65,26.75
IT,2012,4,41.04,28.91
IT,2012,5,44.25,29.77
IT,2012,6,45.59,31.2
IT,2012,7,47.66,33.92
IT,2012,8,49.92,35.66
IT,2012,9,49.55,38.77
IT,2012,10,49.52,43.07
IT,2013,1,26.36,5.62
IT,2013,2,41.08,20.53
IT,2013,3,41.23,26.85
IT,2013,4,42.4,29.05
IT,2013,5,45.36,29.92
IT,2013,6,46.61,31.38
IT,2013,7,48.57,34.15
IT,2013,8,50.41,35.9
IT,2013,9,49.69,39.02
IT,2013,10,49.68,43.28
IT,2014,1,24.69,1.01
IT,2014,2,41.94,17.12
IT,2014,3,49.73,24.41
IT,2014,4,48.69,27.65
IT,2014,5,51.18,29.21
IT,2014,6,52.66,31.13
IT,2014,7,53.89,34.4
IT,2014,8,50.94,36.37
IT,2014,9,50.3,39.5
IT,2014,10,50.12,43.75
IT,2015,1,24.27,-1.64
IT,2015,2,41.78,15.39
IT,2015,3,52.85,23.15
IT,2015,4,49.66,26.81
IT,2015,5,51.94,28.66
IT,2015,6,55.23,30.76
IT,2015,7,55.73,34.25
IT,2015,8,50.84,36.27
IT,2015,9,50.14,39.39
IT,2015,10,50.03,43.63
IT,2016,1,24.57,-1.25
IT,2016,2,41.98,15.73
IT,2016,3,52.89,23.47
IT,2016,4,49.61,27.11
IT,2016,5,51.46,28.95
IT,2016,6,55.42,31.05
IT,2016,7,55.74,34.52
IT,2016,8,50.99,36.52
IT,2016,9,50.32,39.61
IT,2016,10,50.21,43.83
IT,2017,1,24.51,-1.35
IT,2017,2,41.89,15.66
IT,2017,3,52.79,23.42
IT,2017,4,49.29,27.05
IT,2017,5,50.67,28.9
IT,2017,6,55.4,30.99
IT,2017,7,55.45,34.47
IT,2017,8,50.91,36.45
IT,2017,9,50.24,39.54
IT,2017,10,50.15,43.75
IT,2018,1,24.53,10.53
IT,2018,2,41.87,21.45
IT,2018,3,53.0,26.99
IT,2018,4,52.19,30.14
IT,2018,5,54.31,31.68
IT,2018,6,55.7,33.47
IT,2018,7,56.03,36.2
IT,2018,8,50.79,37.88
IT,2018,9,50.22,40.44
IT,2018,10,50.18,44.05
IT,2019,1,27.56,45.37
IT,2019,2,42.02,38.47
IT,2019,3,52.96,38.1
IT,2019,4,49.2,39.79
IT,2019,5,51.09,40.33
IT,2019,6,55.69,41.2
IT,2019,7,55.55,41.69
IT,2019,8,50.92,42.13
IT,2019,9,50.27,43.16
IT,2019,10,50.35,45.08
IT,2020,1,47.28,57.15
IT,2020,2,40.43,44.69
IT,2020,3,46.5,41.79
IT,2020,4,47.99,42.48
IT,2020,5,49.04,42.48
IT,2020,6,51.37,42.99
IT,2020,7,52.21,42.76
IT,2020,8,52.46,43.01
IT,2020,9,50.98,43.79
IT,2020,10,49.98,45.1
IT,2021,1,27.26,61.5
IT,2021,2,46.49,49.64
IT,2021,3,48.86,46.77
IT,2021,4,52.02,47.14
IT,2021,5,54.27,46.79
IT,2021,6,55.25,47.11
IT,2021,7,60.44,46.81
IT,2021,8,62.51,47.53
IT,2021,9,58.84,49.17
IT,2021,10,55.27,51.05
IT,2022,1,46.2,57.41
IT,2022,2,46.86,47.5
IT,2022,3,47.88,44.41
IT,2022,4,49.97,44.72
IT,2022,5,51.25,44.62
IT,2022,6,53.18,45.05
IT,2022,7,63.26,44.75
IT,2022,8,59.05,45.49
IT,2022,9,60.8,47.15
IT,2022,10,56.82,50.27
IT,2023,1,37.73,57.12
IT,2023,2,44.39,46.33
IT,2023,3,45.07,43.38
IT,2023,4,47.25,43.83
IT,2023,5,64.72,43.82
IT,2023,6,69.62,44.65
IT,2023,7,56.9,45.08
IT,2023,8,57.63,45.88
IT,2023,9,58.04,47.57
IT,2023,10,57.51,50.56
IT,2024,1,34.32,49.02
IT,2024,2,43.37,42.55
IT,2024,3,48.56,40.13
IT,2024,4,50.93,41.69
IT,2024,5,53.16,43.11
IT,2024,6,54.51,44.37
IT,2024,7,56.76,45.17
IT,2024,8,57.56,46.58
IT,2024,9,57.98,48.09
IT,2024,10,57.03,51.21
IT,2025,1,64.68,50.73
IT,2025,2,47.8,48.56
IT,2025,3,35.25,44.49
IT,2025,4,56.77,45.16
IT,2025,5,59.69,45.86
IT,2025,6,60.93,46.8
IT,2025,7,61.44,47.23
IT,2025,8,61.61,47.96
IT,2025,9,58.11,49.56
IT,2025,10,56.65,51.84
IT,2026,1,32.05,51.06
IT,2026,2,45.47,48.44
IT,2026,3,50.76,43.94
IT,2026,4,56.74,45.11
IT,2026,5,60.21,45.74
IT,2026,6,60.23,46.58
IT,2026,7,60.13,46.84
IT,2026,8,59.0,47.44
IT,2026,9,57.32,48.86
IT,2026,10,56.93,51.35
LU,2009,1,99.4,68.3
LU,2009,2,72.93,75.58
LU,2009,3,61.25,70.64
LU,2009,4,62.62,66.18
LU,2009,5,62.65,64.92
LU,2009,6,63.04,63.99
LU,2009,7,63.17,65.07
LU,2009,8,63.71,63.57
LU,2009,9,64.73,63.41
LU,2009,10,53.9,61.15
LU,2010,1,100.83,69.2
LU,2010,2,69.37,75.69
LU,2010,3,65.97,70.66
LU,2010,4,64.19,66.4
LU,2010,5,61.94,65.2
LU,2010,6,63.52,64.3
LU,2010,7,64.25,65.31
LU,2010,8,63.56,63.88
LU,2010,9,64.68,63.71
LU,2010,10,54.06,61.24
LU,2011,1,100.65,68.94
LU,2011,2,73.81,76.2
LU,2011,3,63.79,71.63
LU,2011,4,64.63,67.25
LU,2011,5,64.48,66.12
LU,2011,6,64.74,65.28
LU,2011,7,64.4,66.38
LU,2011,8,65.08,64.97
LU,2011,9,66.19,64.9
LU,2011,10,56.42,62.85
LU,2012,1,99.55,68.78
LU,2012,2,72.47,75.89
LU,2012,3,66.92,71.43
LU,2012,4,64.74,67.24
LU,2012,5,63.73,66.11
LU,2012,6,64.14,65.3
LU,2012,7,64.49,66.27
LU,2012,8,64.4,64.88
LU,2012,9,65.63,64.71
LU,2012,10,56.09,62.59
LU,2013,1,99.51,69.18
LU,2013,2,72.45,76.1
LU,2013,3,68.86,71.93
LU,2013,4,65.62,68.06
LU,2013,5,64.47,66.97
LU,2013,6,65.27,66.24
LU,2013,7,65.26,67.1
LU,2013,8,65.3,65.79
LU,2013,9,66.26,65.61
LU,2013,10,58.41,63.65
LU,2014,1,99.5,69.82
LU,2014,2,73.04,76.67
LU,2014,3,69.48,72.65
LU,2014,4,66.6,68.89
LU,2014,5,65.44,67.81
LU,2014,6,65.61,67.08
LU,2014,7,65.88,67.88
LU,2014,8,65.79,66.58
LU,2014,9,66.82,66.36
LU,2014,10,58.56,64.37
LU,2015,1,99.22,68.79
LU,2015,2,72.13,75.46
LU,2015,3,66.08,71.34
LU,2015,4,66.06,67.55
LU,2015,5,63.35,66.45
LU,2015,6,64.54,65.69
LU,2015,7,63.84,66.53
LU,2015,8,64.4,65.16
LU,2015,9,65.47,64.96
LU,2015,10,56.65,62.79
LU,2016,1,99.15,69.18
LU,2016,2,70.79,75.53
LU,2016,3,64.75,71.44
LU,2016,4,65.42,67.68
LU,2016,5,64.19,66.55
LU,2016,6,65.04,65.8
LU,2016,7,63.5,66.61
LU,2016,8,64.56,65.26
LU,2016,9,65.64,65.06
LU,2016,10,56.84,62.84
LU,2017,1,99.37,67.24
LU,2017,2,70.88,74.38
LU,2017,3,64.26,70.15
LU,2017,4,65.27,66.4
LU,2017,5,64.17,65.41
LU,2017,6,64.81,64.77
LU,2017,7,64.0,65.83
LU,2017,8,64.84,64.64
LU,2017,9,65.46,64.63
LU,2017,10,56.83,62.58
LU,2018,1,99.16,68.39
LU,2018,2,68.71,74.66
LU,2018,3,63.59,70.45
LU,2018,4,65.05,66.8
LU,2018,5,65.36,65.82
LU,2018,6,65.61,65.26
LU,2018,7,64.06,66.22
LU,2018,8,65.12,65.15
LU,2018,9,65.78,65.12
LU,2018,10,57.86,62.92
LU,2019,1,99.28,68.14
LU,2019,2,67.4,75.1
LU,2019,3,65.43,70.88
LU,2019,4,65.8,67.25
LU,2019,5,65.38,66.29
LU,2019,6,65.42,65.67
LU,2019,7,64.4,66.58
LU,2019,8,65.14,65.45
LU,2019,9,65.81,65.34
LU,2019,10,57.35,63.18
LU,2020,1,87.35,83.3
LU,2020,2,76.28,80.2
LU,2020,3,70.2,74.57
LU,2020,4,65.74,70.84
LU,2020,5,66.72,70.18
LU,2020,6,66.16,68.52
LU,2020,7,64.95,69.24
LU,2020,8,65.8,67.51
LU,2020,9,66.34,66.9
LU,2020,10,58.14,64.09
LU,2021,1,87.51,83.23
LU,2021,2,79.45,80.17
LU,2021,3,67.61,74.54
LU,2021,4,66.52,71.02
LU,2021,5,66.35,70.36
LU,2021,6,66.54,68.73
LU,2021,7,65.47,69.43
LU,2021,8,66.4,67.81
LU,2021,9,66.78,67.26
LU,2021,10,58.62,64.75
LU,2022,1,87.69,81.98
LU,2022,2,87.44,80.32
LU,2022,3,70.03,75.35
LU,2022,4,67.65,72.02
LU,2022,5,67.14,71.46
LU,2022,6,66.9,69.67
LU,2022,7,65.91,70.32
LU,2022,8,66.35,68.54
LU,2022,9,66.73,67.76
LU,2022,10,59.03,64.84
LU,2023,1,87.04,82.39
LU,2023,2,76.33,80.53
LU,2023,3,72.13,75.48
LU,2023,4,70.83,71.89
LU,2023,5,67.33,71.38
LU,2023,6,65.92,69.46
LU,2023,7,65.26,70.1
LU,2023,8,65.7,68.14
LU,2023,9,66.08,67.19
LU,2023,10,59.3,64.43
LU,2024,1,88.69,84.41
LU,2024,2,73.52,81.27
LU,2024,3,68.04,75.42
LU,2024,4,70.5,71.79
LU,2024,5,65.61,71.01
LU,2024,6,65.02,69.13
LU,2024,7,64.99,69.56
LU,2024,8,65.05,67.69
LU,2024,9,65.16,66.8
LU,2024,10,57.87,63.49
LU,2025,1,88.43,84.55
LU,2025,2,73.05,81.71
LU,2025,3,73.14,75.85
LU,2025,4,67.6,72.33
LU,2025,5,66.61,71.57
LU,2025,6,65.61,69.66
LU,2025,7,65.39,70.09
LU,2025,8,65.13,68.16
LU,2025,9,65.75,67.21
LU,2025,10,57.77,63.87
LU,2026,1,89.04,84.84
LU,2026,2,80.2,82.11
LU,2026,3,69.61,76.46
LU,2026,4,68.32,72.87
LU,2026,5,67.42,72.12
LU,2026,6,66.5,70.19
LU,2026,7,64.69,70.66
LU,2026,8,65.73,68.65
LU,2026,9,66.06,67.66
LU,2026,10,57.81,64.33
NL,2009,1,96.74,96.87
NL,2009,2,65.12,86.58
NL,2009,3,62.12,73.27
NL,2009,4,58.75,67.22
NL,2009,5,55.19,61.62
NL,2009,6,55.24,57.83
NL,2009,7,56.47,57.56
NL,2009,8,57.63,56.97
NL,2009,9,59.83,55.77
NL,2009,10,60.08,56.92
NL,2010,1,97.41,96.85
NL,2010,2,65.26,87.07
NL,2010,3,62.48,73.72
NL,2010,4,59.1,67.62
NL,2010,5,55.5,61.9
NL,2010,6,55.2,58.1
NL,2010,7,56.48,57.86
NL,2010,8,58.03,57.26
NL,2010,9,60.01,56.06
NL,2010,10,60.03,57.09
NL,2011,1,96.73,96.75
NL,2011,2,65.27,86.66
NL,2011,3,62.53,73.43
NL,2011,4,58.92,67.35
NL,2011,5,55.04,61.62
NL,2011,6,55.15,57.79
NL,2011,7,56.45,57.57
NL,2011,8,57.96,56.97
NL,2011,9,59.74,55.77
NL,2011,10,59.76,56.8
NL,2012,1,98.03,96.45
NL,2012,2,64.57,86.86
NL,2012,3,63.69,73.08
NL,2012,4,63.3,67.31
NL,2012,5,60.06,62.0
NL,2012,6,59.03,58.5
NL,2012,7,58.88,58.55
NL,2012,8,59.42,58.05
NL,2012,9,59.51,56.71
NL,2012,10,59.52,57.31
NL,2013,1,94.85,96.8
NL,2013,2,68.26,86.69
NL,2013,3,62.64,72.88
NL,2013,4,62.46,66.96
NL,2013,5,59.64,61.49
NL,2013,6,60.08,58.0
NL,2013,7,60.96,58.19
NL,2013,8,60.52,57.9
NL,2013,9,60.8,56.77
NL,2013,10,59.69,57.51
NL,2014,1,94.36,96.62
NL,2014,2,69.13,86.39
NL,2014,3,64.47,72.68
NL,2014,4,63.12,66.9
NL,2014,5,61.06,61.46
NL,2014,6,61.27,58.09
NL,2014,7,61.84,58.36
NL,2014,8,61.93,58.14
NL,2014,9,62.29,57.21
NL,2014,10,59.85,58.07
NL,2015,1,93.32,96.37
NL,2015,2,62.02,86.59
NL,2015,3,63.95,72.95
NL,2015,4,61.3,66.85
NL,2015,5,59.81,61.04
NL,2015,6,60.69,57.55
NL,2015,7,61.27,57.79
NL,2015,8,61.96,57.58
NL,2015,9,63.2,56.73
NL,2015,10,60.66,58.14
NL,2016,1,92.62,96.27
NL,2016,2,59.31,85.0
NL,2016,3,66.37,71.65
NL,2016,4,64.76,66.31
NL,2016,5,63.02,60.87
NL,2016,6,61.63,57.58
NL,2016,7,61.52,57.83
NL,2016,8,61.6,57.52
NL,2016,9,62.59,56.6
NL,2016,10,61.48,58.21
NL,2017,1,92.59,96.24
NL,2017,2,59.5,85.06
NL,2017,3,67.37,71.74
NL,2017,4,65.12,66.46
NL,2017,5,63.01,60.97
NL,2017,6,61.62,57.6
NL,2017,7,61.51,57.87
NL,2017,8,61.45,57.54
NL,2017,9,62.37,56.58
NL,2017,10,61.85,58.22
NL,2018,1,92.55,96.24
NL,2018,2,59.78,85.35
NL,2018,3,67.57,72.02
NL,2018,4,65.43,66.71
NL,2018,5,63.23,61.19
NL,2018,6,61.79,57.8
NL,2018,7,61.52,58.06
NL,2018,8,61.54,57.72
NL,2018,9,62.34,56.72
NL,2018,10,61.92,58.32
NL,2019,1,96.02,96.87
NL,2019,2,67.93,84.61
NL,2019,3,67.33,71.71
NL,2019,4,66.03,66.47
NL,2019,5,63.75,61.01
NL,2019,6,62.23,57.65
NL,2019,7,62.48,58.0
NL,2019,8,62.8,57.79
NL,2019,9,63.07,56.97
NL,2019,10,60.6,58.17
NL,2020,1,92.26,95.36
NL,2020,2,55.33,84.92
NL,2020,3,66.11,70.85
NL,2020,4,65.62,65.66
NL,2020,5,63.7,60.35
NL,2020,6,62.29,57.04
NL,2020,7,62.24,57.47
NL,2020,8,62.88,57.31
NL,2020,9,62.62,56.48
NL,2020,10,59.37,57.52
NL,2021,1,91.92,94.93
NL,2021,2,58.44,84.15
NL,2021,3,66.09,70.31
NL,2021,4,65.84,65.22
NL,2021,5,63.82,59.98
NL,2021,6,62.88,56.69
NL,2021,7,63.25,57.19
NL,2021,8,63.03,57.1
NL,2021,9,62.97,56.31
NL,2021,10,59.44,57.54
NL,2022,1,95.42,96.5
NL,2022,2,61.63,82.88
NL,2022,3,65.68,69.57
NL,2022,4,64.99,64.41
NL,2022,5,62.73,59.09
NL,2022,6,62.18,55.77
NL,2022,7,62.21,56.32
NL,2022,8,61.77,56.27
NL,2022,9,62.99,55.47
NL,2022,10,58.68,56.75
NL,2023,1,95.52,96.42
NL,2023,2,63.06,82.88
NL,2023,3,67.42,69.35
NL,2023,4,66.55,64.31
NL,2023,5,63.79,58.95
NL,2023,6,62.88,55.55
NL,2023,7,62.82,56.24
NL,2023,8,62.63,56.33
NL,2023,9,63.37,55.47
NL,2023,10,58.5,56.74
NL,2024,1,96.17,96.57
NL,2024,2,65.85,85.6
NL,2024,3,66.51,69.9
NL,2024,4,66.37,64.33
NL,2024,5,65.55,58.58
NL,2024,6,64.98,55.1
NL,2024,7,64.45,56.06
NL,2024,8,63.22,56.37
NL,2024,9,63.75,55.37
NL,2024,10,59.49,57.04
NL,2025,1,96.1,96.62
NL,2025,2,65.07,85.87
NL,2025,3,65.93,69.91
NL,2025,4,65.87,64.3
NL,2025,5,65.64,58.54
NL,2025,6,65.14,55.08
NL,2025,7,64.67,56.09
NL,2025,8,63.87,56.44
NL,2025,9,63.8,55.51
NL,2025,10,59.73,57.23
NL,2026,1,96.23,96.61
NL,2026,2,66.05,86.51
NL,2026,3,65.36,70.33
NL,2026,4,65.71,64.48
NL,2026,5,64.93,58.55
NL,2026,6,65.24,54.98
NL,2026,7,64.8,56.05
NL,2026,8,64.59,56.43
NL,2026,9,63.84,55.53
NL,2026,10,59.86,57.29
PT,2009,1,72.62,79.31
PT,2009,2,66.0,71.07
PT,2009,3,55.96,69.19
PT,2009,4,55.72,67.43
PT,2009,5,52.94,62.59
PT,2009,6,52.53,58.0
PT,2009,7,54.72,55.93
PT,2009,8,54.52,55.65
PT,2009,9,58.65,55.47
PT,2009,10,59.7,57.82
PT,2010,1,72.57,79.3
PT,2010,2,63.53,71.12
PT,2010,3,58.28,69.24
PT,2010,4,54.47,67.52
PT,2010,5,54.12,62.72
PT,2010,6,53.78,58.21
PT,2010,7,54.32,56.23
PT,2010,8,55.14,55.96
PT,2010,9,59.99,55.87
PT,2010,10,60.39,58.4
PT,2011,1,76.23,79.66
PT,2011,2,60.1,70.32
PT,2011,3,52.88,68.17
PT,2011,4,51.73,66.36
PT,2011,5,58.11,62.31
PT,2011,6,58.99,58.68
PT,2011,7,56.37,57.42
PT,2011,8,57.45,57.24
PT,2011,9,61.75,57.51
PT,2011,10,63.07,60.48
PT,2012,1,72.17,79.72
PT,2012,2,59.62,70.14
PT,2012,3,52.02,67.95
PT,2012,4,58.46,66.15
PT,2012,5,51.79,62.1
PT,2012,6,53.34,58.31
PT,2012,7,54.85,56.84
PT,2012,8,55.64,56.49
PT,2012,9,59.32,56.44
PT,2012,10,60.97,58.83
PT,2013,1,69.9,79.17
PT,2013,2,53.01,66.41
PT,2013,3,51.24,64.17
PT,2013,4,58.51,62.41
PT,2013,5,55.42,60.15
PT,2013,6,57.22,58.34
PT,2013,7,59.27,57.89
PT,2013,8,60.08,58.07
PT,2013,9,62.13,58.83
PT,2013,10,64.37,61.59
PT,2014,1,70.96,79.33
PT,2014,2,52.11,66.7
PT,2014,3,50.01,64.44
PT,2014,4,59.31,62.65
PT,2014,5,55.72,60.37
PT,2014,6,57.32,58.54
PT,2014,7,59.41,58.07
PT,2014,8,60.28,58.24
PT,2014,9,63.21,58.97
PT,2014,10,64.52,61.74
PT,2015,1,70.08,79.4
PT,2015,2,54.33,66.51
PT,2015,3,54.2,64.11
PT,2015,4,58.81,61.97
PT,2015,5,55.2,59.62
PT,2015,6,56.88,57.92
PT,2015,7,59.36,57.34
PT,2015,8,59.98,57.56
PT,2015,9,61.99,58.46
PT,2015,10,64.67,61.15
PT,2016,1,71.62,79.72
PT,2016,2,60.59,70.05
PT,2016,3,60.68,67.81
PT,2016,4,57.48,66.47
PT,2016,5,55.9,62.82
PT,2016,6,55.28,59.71
PT,2016,7,57.89,58.57
PT,2016,8,58.96,58.42
PT,2016,9,61.06,58.77
PT,2016,10,64.58,61.4
PT,2017,1,69.74,79.58
PT,2017,2,52.42,68.66
PT,2017,3,48.01,65.62
PT,2017,4,44.84,63.15
PT,2017,5,47.51,57.39
PT,2017,6,41.34,52.21
PT,2017,7,41.63,49.55
PT,2017,8,41.53,48.1
PT,2017,9,41.62,46.1
PT,2017,10,41.41,43.49
PT,2018,1,68.24,79.44
PT,2018,2,51.18,68.41
PT,2018,3,45.78,65.39
PT,2018,4,48.99,62.87
PT,2018,5,46.98,57.13
PT,2018,6,45.41,51.98
PT,2018,7,41.5,49.35
PT,2018,8,41.41,47.92
PT,2018,9,41.49,45.93
PT,2018,10,41.22,43.34
PT,2019,1,67.6,79.06
PT,2019,2,49.99,67.99
PT,2019,3,45.17,64.9
PT,2019,4,43.26,62.51
PT,2019,5,41.27,56.78
PT,2019,6,41.27,51.65
PT,2019,7,41.27,48.98
PT,2019,8,41.27,47.66
PT,2019,9,42.58,45.81
PT,2019,10,41.27,43.39
PT,2020,1,67.18,78.67
PT,2020,2,49.09,67.4
PT,2020,3,43.46,64.27
PT,2020,4,41.7,61.85
PT,2020,5,40.5,56.09
PT,2020,6,40.5,50.93
PT,2020,7,40.5,48.26
PT,2020,8,40.5,46.93
PT,2020,9,40.77,45.12
PT,2020,10,40.5,42.64
PT,2021,1,66.74,78.25
PT,2021,2,50.86,66.86
PT,2021,3,46.51,63.55
PT,2021,4,47.42,61.16
PT,2021,5,41.11,55.71
PT,2021,6,41.11,50.79
PT,2021,7,42.43,48.25
PT,2021,8,42.02,47.02
PT,2021,9,42.18,45.39
PT,2021,10,41.3,43.06
PT,2022,1,64.18,77.6
PT,2022,2,46.22,65.67
PT,2022,3,42.79,62.36
PT,2022,4,44.35,59.82
PT,2022,5,43.87,54.66
PT,2022,6,43.83,50.16
PT,2022,7,41.18,47.95
PT,2022,8,41.68,46.79
PT,2022,9,41.91,45.29
PT,2022,10,41.18,43.16
PT,2023,1,64.03,79.81
PT,2023,2,46.44,67.27
PT,2023,3,43.02,63.95
PT,2023,4,41.01,60.77
PT,2023,5,44.52,55.42
PT,2023,6,44.47,50.84
PT,2023,7,40.92,48.69
PT,2023,8,43.22,47.39
PT,2023,9,41.16,46.18
PT,2023,10,40.93,43.49
PT,2024,1,62.98,76.4
PT,2024,2,44.02,64.49
PT,2024,3,41.25,60.93
PT,2024,4,41.25,58.75
PT,2024,5,43.87,53.86
PT,2024,6,41.42,49.75
PT,2024,7,42.38,47.72
PT,2024,8,41.25,46.78
PT,2024,9,41.91,45.24
PT,2024,10,41.25,43.11
PT,2025,1,62.89,75.92
PT,2025,2,43.49,63.79
PT,2025,3,41.4,60.24
PT,2025,4,41.4,58.15
PT,2025,5,42.03,53.57
PT,2025,6,42.62,49.58
PT,2025,7,41.4,47.68
PT,2025,8,41.72,46.75
PT,2025,9,41.53,45.22
PT,2025,10,41.71,43.17
PT,2026,1,61.33,75.81
PT,2026,2,43.36,63.58
PT,2026,3,42.63,60.04
PT,2026,4,42.32,57.97
PT,2026,5,43.49,53.44
PT,2026,6,42.61,49.49
PT,2026,7,41.4,47.61
PT,2026,8,42.84,46.7
PT,2026,9,41.53,45.18
PT,2026,10,41.72,43.15
ES,2009,1,33.77,35.73
ES,2009,2,39.44,35.33
ES,2009,3,40.88,37.11
ES,2009,4,43.9,38.2
ES,2009,5,43.81,38.89
ES,2009,6,44.59,39.76
ES,2009,7,45.34,40.39
ES,2009,8,45.69,41.4
ES,2009,9,38.47,41.69
ES,2009,10,32.0,38.71
ES,2010,1,35.58,37.01
ES,2010,2,42.67,36.88
ES,2010,3,44.47,38.9
ES,2010,4,45.64,40.04
ES,2010,5,44.21,40.61
ES,2010,6,43.92,41.16
ES,2010,7,44.24,41.51
ES,2010,8,44.47,42.1
ES,2010,9,35.03,41.84
ES,2010,10,29.03,37.71
ES,2011,1,35.14,36.53
ES,2011,2,41.61,36.54
ES,2011,3,45.04,38.51
ES,2011,4,44.27,39.67
ES,2011,5,43.25,40.23
ES,2011,6,43.58,40.78
ES,2011,7,43.86,41.11
ES,2011,8,44.21,41.71
ES,2011,9,33.64,41.33
ES,2011,10,28.64,37.17
ES,2012,1,35.19,36.79
ES,2012,2,41.77,36.87
ES,2012,3,46.67,38.96
ES,2012,4,44.32,40.19
ES,2012,5,44.07,40.76
ES,2012,6,44.65,41.38
ES,2012,7,45.1,41.78
ES,2012,8,45.94,42.51
ES,2012,9,35.85,42.31
ES,2012,10,32.17,38.87
ES,2013,1,36.16,37.75
ES,2013,2,42.54,37.85
ES,2013,3,47.82,39.91
ES,2013,4,45.06,41.12
ES,2013,5,44.95,41.68
ES,2013,6,45.5,42.29
ES,2013,7,45.96,42.69
ES,2013,8,46.87,43.4
ES,2013,9,39.91,43.56
ES,2013,10,33.22,40.32
ES,2014,1,36.48,38.08
ES,2014,2,42.91,38.22
ES,2014,3,48.26,40.28
ES,2014,4,45.32,41.48
ES,2014,5,45.29,42.02
ES,2014,6,45.81,42.63
ES,2014,7,46.3,43.03
ES,2014,8,47.25,43.73
ES,2014,9,41.16,44.19
ES,2014,10,33.62,41.18
ES,2015,1,37.77,38.22
ES,2015,2,43.09,38.41
ES,2015,3,46.08,40.29
ES,2015,4,45.14,41.39
ES,2015,5,45.03,41.86
ES,2015,6,45.65,42.39
ES,2015,7,46.33,42.86
ES,2015,8,47.13,43.57
ES,2015,9,40.52,43.94
ES,2015,10,31.94,40.42
ES,2016,1,37.76,38.19
ES,2016,2,42.91,38.37
ES,2016,3,45.96,40.17
ES,2016,4,44.81,41.23
ES,2016,5,44.74,41.67
ES,2016,6,45.34,42.18
ES,2016,7,46.03,42.65
ES,2016,8,46.42,43.33
ES,2016,9,39.98,43.7
ES,2016,10,31.09,40.05
ES,2017,1,37.84,38.3
ES,2017,2,43.05,38.49
ES,2017,3,45.79,40.3
ES,2017,4,44.9,41.34
ES,2017,5,44.84,41.78
ES,2017,6,45.47,42.29
ES,2017,7,46.13,42.76
ES,2017,8,46.54,43.44
ES,2017,9,40.75,43.97
ES,2017,10,31.21,40.48
ES,2018,1,37.89,38.42
ES,2018,2,40.04,38.29
ES,2018,3,46.82,39.97
ES,2018,4,45.34,41.18
ES,2018,5,46.09,41.82
ES,2018,6,45.75,42.46
ES,2018,7,46.25,42.93
ES,2018,8,46.82,43.6
ES,2018,9,40.23,44.06
ES,2018,10,31.41,40.5
ES,2019,1,38.84,38.87
ES,2019,2,36.3,39.21
ES,2019,3,46.44,40.31
ES,2019,4,45.76,41.43
ES,2019,5,46.21,41.96
ES,2019,6,45.73,42.55
ES,2019,7,46.16,43.05
ES,2019,8,46.88,43.7
ES,2019,9,44.11,44.39
ES,2019,10,31.46,41.32
ES,2020,1,65.43,81.54
ES,2020,2,36.05,67.63
ES,2020,3,41.84,57.19
ES,2020,4,47.26,52.79
ES,2020,5,45.95,51.63
ES,2020,6,45.03,48.88
ES,2020,7,45.74,49.63
ES,2020,8,46.13,47.99
ES,2020,9,45.85,47.15
ES,2020,10,31.22,42.5
ES,2021,1,62.75,81.01
ES,2021,2,41.62,66.89
ES,2021,3,46.28,57.33
ES,2021,4,46.97,53.31
ES,2021,5,46.86,52.15
ES,2021,6,46.14,49.5
ES,2021,7,46.55,50.24
ES,2021,8,47.32,48.69
ES,2021,9,44.47,47.81
ES,2021,10,32.02,42.78
ES,2022,1,67.23,87.86
ES,2022,2,38.37,72.34
ES,2022,3,42.36,61.79
ES,2022,4,47.47,57.22
ES,2022,5,46.76,55.33
ES,2022,6,46.09,52.53
ES,2022,7,46.75,52.74
ES,2022,8,50.23,50.93
ES,2022,9,43.35,49.7
ES,2022,10,31.99,43.82
ES,2023,1,65.53,82.8
ES,2023,2,40.39,70.12
ES,2023,3,45.15,60.14
ES,2023,4,47.76,55.88
ES,2023,5,47.06,54.23
ES,2023,6,46.15,51.71
ES,2023,7,46.21,52.04
ES,2023,8,47.21,50.22
ES,2023,9,44.25,49.18
ES,2023,10,31.62,43.71
ES,2024,1,64.52,82.77
ES,2024,2,41.98,69.56
ES,2024,3,46.24,60.19
ES,2024,4,48.06,56.11
ES,2024,5,46.44,54.47
ES,2024,6,46.36,51.84
ES,2024,7,46.88,52.13
ES,2024,8,47.84,50.53
ES,2024,9,40.97,49.2
ES,2024,10,32.12,43.44
ES,2025,1,65.68,82.96
ES,2025,2,46.49,71.1
ES,2025,3,45.88,61.4
ES,2025,4,47.22,57.01
ES,2025,5,46.06,55.19
ES,2025,6,46.38,52.32
ES,2025,7,47.19,52.65
ES,2025,8,47.86,50.85
ES,2025,9,43.12,49.51
ES,2025,10,32.94,43.91
ES,2026,1,72.28,83.42
ES,2026,2,48.4,73.05
ES,2026,3,47.84,62.98
ES,2026,4,48.82,58.22
ES,2026,5,46.08,56.25
ES,2026,6,46.39,53.04
ES,2026,7,47.37,53.42
ES,2026,8,48.09,51.39
ES,2026,9,44.28,49.94
ES,2026,10,33.17,44.33
SE,2009,1,55.88,50.98
SE,2009,2,56.19,51.83
SE,2009,3,56.4,52.16
SE,2009,4,56.47,52.44
SE,2009,5,57.34,52.7
SE,2009,6,59.9,53.08
SE,2009,7,62.73,53.65
SE,2009,8,65.45,54.57
SE,2009,9,69.19,56.53
SE,2009,10,72.85,62.35
SE,2010,1,55.46,50.63
SE,2010,2,55.91,51.49
SE,2010,3,56.33,51.83
SE,2010,4,56.6,52.12
SE,2010,5,57.79,52.41
SE,2010,6,60.04,52.83
SE,2010,7,62.82,53.43
SE,2010,8,65.59,54.4
SE,2010,9,69.62,56.43
SE,2010,10,72.97,62.34
SE,2011,1,55.15,50.35
SE,2011,2,55.6,51.2
SE,2011,3,56.02,51.54
SE,2011,4,56.39,51.84
SE,2011,5,56.84,52.13
SE,2011,6,59.76,52.53
SE,2011,7,62.68,53.11
SE,2011,8,65.35,54.08
SE,2011,9,68.99,56.1
SE,2011,10,72.77,62.05
SE,2012,1,54.9,50.07
SE,2012,2,55.35,50.93
SE,2012,3,55.77,51.27
SE,2012,4,56.15,51.57
SE,2012,5,56.15,51.86
SE,2012,6,59.53,52.22
SE,2012,7,62.51,52.77
SE,2012,8,65.16,53.71
SE,2012,9,68.2,55.72
SE,2012,10,72.62,61.71
SE,2013,1,54.79,50.0
SE,2013,2,55.28,50.86
SE,2013,3,55.67,51.21
SE,2013,4,56.06,51.51
SE,2013,5,56.19,51.8
SE,2013,6,59.46,52.16
SE,2013,7,62.55,52.7
SE,2013,8,65.1,53.63
SE,2013,9,68.15,55.64
SE,2013,10,72.59,61.64
SE,2014,1,54.48,49.48
SE,2014,2,54.48,50.35
SE,2014,3,55.02,50.68
SE,2014,4,55.55,50.98
SE,2014,5,55.76,51.27
SE,2014,6,59.02,51.66
SE,2014,7,62.24,52.23
SE,2014,8,65.27,53.2
SE,2014,9,68.27,55.31
SE,2014,10,72.64,61.47
SE,2015,1,54.73,49.78
SE,2015,2,54.72,50.65
SE,2015,3,55.27,50.98
SE,2015,4,55.76,51.28
SE,2015,5,56.37,51.57
SE,2015,6,59.26,51.94
SE,2015,7,62.45,52.49
SE,2015,8,65.55,53.44
SE,2015,9,68.39,55.52
SE,2015,10,72.83,61.65
SE,2016,1,55.04,50.36
SE,2016,2,55.3,51.18
SE,2016,3,55.66,51.5
SE,2016,4,56.07,51.79
SE,2016,5,57.76,52.07
SE,2016,6,59.6,52.5
SE,2016,7,62.73,53.11
SE,2016,8,65.61,54.09
SE,2016,9,70.61,56.21
SE,2016,10,74.93,62.79
SE,2017,1,55.1,50.48
SE,2017,2,55.59,51.29
SE,2017,3,55.94,51.61
SE,2017,4,56.12,51.9
SE,2017,5,58.37,52.18
SE,2017,6,59.84,52.62
SE,2017,7,62.77,53.25
SE,2017,8,65.65,54.24
SE,2017,9,71.02,56.37
SE,2017,10,74.97,62.93
SE,2018,1,55.15,50.59
SE,2018,2,55.68,51.39
SE,2018,3,56.15,51.71
SE,2018,4,56.21,52.0
SE,2018,5,57.45,52.28
SE,2018,6,60.03,52.69
SE,2018,7,62.82,53.29
SE,2018,8,65.69,54.27
SE,2018,9,70.44,56.38
SE,2018,10,74.99,62.92
SE,2019,1,54.81,50.43
SE,2019,2,55.44,51.2
SE,2019,3,55.91,51.51
SE,2019,4,56.01,51.81
SE,2019,5,56.52,52.09
SE,2019,6,58.68,52.37
SE,2019,7,60.36,52.87
SE,2019,8,63.67,53.74
SE,2019,9,69.51,55.75
SE,2019,10,75.02,62.42
SE,2020,1,46.35,41.13
SE,2020,2,47.09,42.05
SE,2020,3,47.71,42.42
SE,2020,4,47.78,42.77
SE,2020,5,48.39,43.11
SE,2020,6,49.0,43.45
SE,2020,7,52.54,43.99
SE,2020,8,56.33,44.97
SE,2020,9,63.02,47.29
SE,2020,10,66.67,54.32
SE,2021,1,54.96,49.9
SE,2021,2,56.21,50.84
SE,2021,3,56.85,51.25
SE,2021,4,57.32,51.63
SE,2021,5,57.3,51.99
SE,2021,6,57.62,52.34
SE,2021,7,60.61,52.76
SE,2021,8,63.63,53.58
SE,2021,9,68.81,55.48
SE,2021,10,72.04,61.47
SE,2022,1,54.72,49.28
SE,2022,2,55.97,50.31
SE,2022,3,56.59,50.75
SE,2022,4,57.07,51.15
SE,2022,5,57.02,51.52
SE,2022,6,57.66,51.88
SE,2022,7,60.48,52.4
SE,2022,8,64.57,53.3
SE,2022,9,69.42,55.42
SE,2022,10,71.83,61.47
SE,2023,1,53.91,48.53
SE,2023,2,54.65,49.48
SE,2023,3,55.21,49.87
SE,2023,4,55.28,50.22
SE,2023,5,55.76,50.56
SE,2023,6,56.22,50.89
SE,2023,7,58.38,51.27
SE,2023,8,62.42,52.01
SE,2023,9,66.37,53.94
SE,2023,10,71.42,60.18
SE,2024,1,53.02,47.81
SE,2024,2,53.14,48.73
SE,2024,3,53.95,49.09
SE,2024,4,54.7,49.43
SE,2024,5,55.24,49.76
SE,2024,6,55.38,50.12
SE,2024,7,59.1,50.6
SE,2024,8,62.47,51.5
SE,2024,9,67.98,53.6
SE,2024,10,71.38,60.01
SE,2025,1,52.06,47.31
SE,2025,2,52.39,48.15
SE,2025,3,53.16,48.5
SE,2025,4,54.08,48.84
SE,2025,5,54.91,49.17
SE,2025,6,54.91,49.54
SE,2025,7,58.77,50.03
SE,2025,8,62.3,50.94
SE,2025,9,67.16,53.04
SE,2025,10,69.3,59.03
SE,2026,1,50.95,46.82
SE,2026,2,51.08,47.55
SE,2026,3,52.32,47.87
SE,2026,4,53.48,48.19
SE,2026,5,54.38,48.52
SE,2026,6,54.52,48.9
SE,2026,7,58.02,49.33
SE,2026,8,62.22,50.19
SE,2026,9,65.49,52.31
SE,2026,10,69.29,58.5
