c,t,g,d,m_g,sigma,tau_addon,tau_ours,abs_diff_pp
AT,2010,1,1,0.1512,0.2928,0.3434,0.3434,0.0
AT,2010,1,2,0.524,0.2928,0.6318,0.6315,0.03
AT,2010,1,3,0.4801,0.2928,0.5978,0.5978,0.0
AT,2010,1,4,0.5021,0.2928,0.6148,0.6174,0.26
AT,2010,1,5,0.513,0.2928,0.6233,0.6259,0.26
AT,2010,1,6,0.524,0.2928,0.6318,0.6335,0.17
AT,2010,1,7,0.5145,0.2405,0.6086,0.6053,0.33
AT,2010,1,8,0.4796,0.1624,0.5523,0.547,0.53
AT,2010,1,9,0.4663,0.1098,0.5191,0.5179,0.13
AT,2010,1,10,0.4977,0.075,0.5328,0.5332,0.04
AT,2010,6,1,1.0,0.2928,1.0,1.0,0.0
AT,2010,6,2,0.5241,0.2928,0.6319,0.6315,0.03
AT,2010,6,3,0.4801,0.2928,0.5978,0.5978,0.0
AT,2010,6,4,0.5008,0.2928,0.6139,0.6164,0.25
AT,2010,6,5,0.513,0.2928,0.6233,0.6259,0.26
AT,2010,6,6,0.524,0.2928,0.6318,0.6335,0.17
AT,2010,6,7,0.5145,0.2405,0.6086,0.6053,0.33
AT,2010,6,8,0.4939,0.1926,0.5756,0.5704,0.52
AT,2010,6,9,0.4535,0.1098,0.5076,0.504,0.36
AT,2010,6,10,0.4864,0.075,0.5223,0.5248,0.25
AT,2025,1,1,0.7248,0.2768,0.7845,0.7525,3.19
AT,2025,1,2,0.4834,0.2768,0.5954,0.5984,0.3
AT,2025,1,3,0.4684,0.2768,0.5837,0.5833,0.03
AT,2025,1,4,0.4756,0.2768,0.5893,0.5932,0.39
AT,2025,1,5,0.4937,0.2768,0.6035,0.6058,0.23
AT,2025,1,6,0.5084,0.2768,0.615,0.615,0.0
AT,2025,1,7,0.493,0.2168,0.5833,0.5812,0.22
AT,2025,1,8,0.4754,0.1383,0.5391,0.5376,0.15
AT,2025,1,9,0.4671,0.067,0.5006,0.5042,0.36
AT,2025,1,10,0.496,0.067,0.5276,0.5284,0.07
AT,2025,6,1,1.0,0.2768,1.0,1.0,0.0
AT,2025,6,2,1.1465,0.2768,1.1147,1.1134,0.14
AT,2025,6,3,0.5084,0.2768,0.615,0.6034,1.16
AT,2025,6,4,0.4756,0.2768,0.5893,0.5932,0.39
AT,2025,6,5,0.4947,0.2768,0.6042,0.6064,0.22
AT,2025,6,6,0.5084,0.2768,0.615,0.615,0.0
AT,2025,6,7,0.4878,0.2264,0.5823,0.579,0.34
AT,2025,6,8,0.4754,0.1383,0.5391,0.5376,0.15
AT,2025,6,9,0.4809,0.1006,0.5283,0.5277,0.06
AT,2025,6,10,0.4935,0.067,0.5253,0.5263,0.1
DK,2010,1,1,0.4102,0.0,0.4102,0.4102,0.0
DK,2010,1,2,0.4102,0.0,0.4102,0.4102,0.0
DK,2010,1,3,0.4131,0.0,0.4131,0.4137,0.06
DK,2010,1,4,0.416,0.0,0.416,0.4168,0.09
DK,2010,1,5,0.4251,0.0,0.4251,0.4273,0.21
DK,2010,1,6,0.4378,0.0,0.4378,0.442,0.42
DK,2010,1,7,0.4616,0.0,0.4616,0.469,0.73
DK,2010,1,8,0.5187,0.0,0.5187,0.5258,0.71
DK,2010,1,9,0.5444,0.0,0.5444,0.5479,0.35
DK,2010,1,10,0.5619,0.0,0.5619,0.5619,0.0
DK,2010,6,1,0.4102,0.0,0.4102,0.4102,0.0
DK,2010,6,2,1.0032,0.0,1.0032,1.0097,0.65
DK,2010,6,3,0.981,0.0,0.981,0.9701,1.09
DK,2010,6,4,0.8538,0.0,0.8538,0.8234,3.04
DK,2010,6,5,0.754,0.0,0.754,0.7186,3.54
DK,2010,6,6,0.6869,0.0,0.6869,0.6537,3.32
DK,2010,6,7,0.5932,0.0,0.5932,0.5761,1.71
DK,2010,6,8,0.5208,0.0,0.5208,0.5277,0.69
DK,2010,6,9,0.5483,0.0,0.5483,0.551,0.27
DK,2010,6,10,0.5619,0.0,0.5619,0.5619,0.0
DK,2025,1,1,0.3928,0.0,0.3928,0.3921,0.07
DK,2025,1,2,0.3951,0.0,0.3951,0.3956,0.05
DK,2025,1,3,0.4039,0.0,0.4039,0.4051,0.13
DK,2025,1,4,0.4103,0.0,0.4103,0.4122,0.19
DK,2025,1,5,0.4166,0.0,0.4166,0.4186,0.19
DK,2025,1,6,0.421,0.0,0.421,0.4224,0.15
DK,2025,1,7,0.4248,0.0,0.4248,0.4264,0.16
DK,2025,1,8,0.4842,0.0,0.4842,0.4925,0.82
DK,2025,1,9,0.5137,0.0,0.5137,0.5217,0.8
DK,2025,1,10,0.5665,0.0,0.5665,0.5665,0.0
DK,2025,6,1,1.0153,0.0,1.0153,0.9078,10.75
DK,2025,6,2,1.0153,0.0,1.0153,1.0158,0.05
DK,2025,6,3,0.939,0.0,0.939,0.9232,1.57
DK,2025,6,4,0.7916,0.0,0.7916,0.7572,3.44
DK,2025,6,5,0.7259,0.0,0.7259,0.6906,3.53
DK,2025,6,6,0.6678,0.0,0.6678,0.6322,3.56
DK,2025,6,7,0.5509,0.0,0.5509,0.5281,2.28
DK,2025,6,8,0.4842,0.0,0.4842,0.4925,0.82
DK,2025,6,9,0.5117,0.0,0.5117,0.5199,0.82
DK,2025,6,10,0.5737,0.0,0.5737,0.5748,0.11
DE,2010,1,1,0.717,0.2064,0.7654,0.7507,1.47
DE,2010,1,2,0.4386,0.2064,0.5347,0.5358,0.11
DE,2010,1,3,0.4659,0.2064,0.5572,0.5589,0.17
DE,2010,1,4,0.4852,0.2064,0.5732,0.5752,0.2
DE,2010,1,5,0.4961,0.1993,0.5798,0.5814,0.16
DE,2010,1,6,0.495,0.1738,0.5698,0.5697,0.0
DE,2010,1,7,0.5036,0.1537,0.5697,0.5701,0.04
DE,2010,1,8,0.5131,0.1394,0.5727,0.5743,0.16
DE,2010,1,9,0.4869,0.0744,0.5224,0.5192,0.32
DE,2010,1,10,0.4431,0.0131,0.4503,0.4503,0.0
DE,2010,6,1,0.8094,0.2064,0.842,0.8436,0.16
DE,2010,6,2,0.4377,0.2063,0.5339,0.5233,1.06
DE,2010,6,3,0.385,0.2064,0.4902,0.4946,0.44
DE,2010,6,4,0.4176,0.2064,0.5173,0.52,0.27
DE,2010,6,5,0.4306,0.2015,0.5261,0.5269,0.08
DE,2010,6,6,0.4255,0.1771,0.5119,0.5094,0.25
DE,2010,6,7,0.4123,0.1537,0.4906,0.489,0.17
DE,2010,6,8,0.397,0.1147,0.4591,0.4557,0.34
DE,2010,6,9,0.3755,0.0736,0.4183,0.4141,0.42
DE,2010,6,10,0.3681,0.0131,0.3763,0.3808,0.46
DE,2025,1,1,0.7131,0.1935,0.7596,0.7523,0.73
DE,2025,1,2,0.3701,0.1273,0.4412,0.4378,0.34
DE,2025,1,3,0.3729,0.1147,0.4374,0.4394,0.19
DE,2025,1,4,0.3935,0.1147,0.4559,0.4582,0.23
DE,2025,1,5,0.4096,0.1147,0.4704,0.473,0.26
DE,2025,1,6,0.4116,0.0899,0.4601,0.4606,0.05
DE,2025,1,7,0.4212,0.0671,0.4576,0.4574,0.01
DE,2025,1,8,0.4323,0.0441,0.4563,0.4575,0.13
DE,2025,1,9,0.4441,0.0112,0.4503,0.4544,0.41
DE,2025,1,10,0.4539,0.0112,0.4599,0.4583,0.16
DE,2025,6,1,0.78,0.1935,0.8157,0.8257,1.01
DE,2025,6,2,0.5202,0.1273,0.5744,0.5808,0.65
DE,2025,6,3,0.5092,0.1147,0.5597,0.5415,1.83
DE,2025,6,4,0.384,0.1147,0.4473,0.4378,0.95
DE,2025,6,5,0.333,0.1147,0.4016,0.403,0.13
DE,2025,6,6,0.3261,0.0899,0.3817,0.3805,0.11
DE,2025,6,7,0.3234,0.0671,0.366,0.3638,0.22
DE,2025,6,8,0.3112,0.0278,0.3298,0.3295,0.03
DE,2025,6,9,0.3106,0.0112,0.3183,0.3199,0.16
DE,2025,6,10,0.373,0.0112,0.38,0.386,0.6
FI,2010,1,1,0.3201,0.2402,0.4518,0.4518,0.01
FI,2010,1,2,0.3807,0.2402,0.5006,0.5058,0.52
FI,2010,1,3,0.4049,0.2402,0.5202,0.5241,0.39
FI,2010,1,4,0.4249,0.2402,0.5363,0.5377,0.13
FI,2010,1,5,0.4388,0.2402,0.5475,0.5493,0.18
FI,2010,1,6,0.4471,0.2402,0.5542,0.5566,0.24
FI,2010,1,7,0.4571,0.2402,0.5622,0.5644,0.22
FI,2010,1,8,0.467,0.2402,0.5702,0.5715,0.12
FI,2010,1,9,0.4745,0.2402,0.5763,0.5763,0.0
FI,2010,1,10,0.5211,0.2402,0.6138,0.6175,0.36
FI,2010,6,1,0.4621,0.2402,0.5663,0.5436,2.27
FI,2010,6,2,0.3806,0.2402,0.5006,0.5057,0.52
FI,2010,6,3,0.4034,0.2402,0.519,0.5228,0.39
FI,2010,6,4,0.4239,0.2402,0.5355,0.537,0.15
FI,2010,6,5,0.4386,0.2402,0.5473,0.5491,0.18
FI,2010,6,6,0.4471,0.2402,0.5542,0.5566,0.24
FI,2010,6,7,0.4571,0.2402,0.5622,0.5644,0.22
FI,2010,6,8,0.467,0.2402,0.5702,0.5715,0.12
FI,2010,6,9,0.4745,0.2402,0.5763,0.5763,0.0
FI,2010,6,10,0.532,0.2402,0.6226,0.6243,0.17
FI,2025,1,1,0.3575,0.2094,0.4688,0.4707,0.2
FI,2025,1,2,0.4221,0.2094,0.5222,0.5258,0.36
FI,2025,1,3,0.4484,0.2094,0.5439,0.5492,0.53
FI,2025,1,4,0.4588,0.2094,0.5525,0.5576,0.51
FI,2025,1,5,0.4838,0.2094,0.5732,0.5749,0.17
FI,2025,1,6,0.4975,0.2094,0.5845,0.5868,0.23
FI,2025,1,7,0.5113,0.2094,0.5959,0.5976,0.17
FI,2025,1,8,0.5202,0.2094,0.6033,0.6048,0.15
FI,2025,1,9,0.5318,0.2094,0.6129,0.6129,0.0
FI,2025,1,10,0.5404,0.2094,0.62,0.6207,0.07
FI,2025,6,1,0.4861,0.2094,0.5751,0.5553,1.97
FI,2025,6,2,0.4212,0.2094,0.5214,0.525,0.36
FI,2025,6,3,0.4374,0.2094,0.5348,0.5406,0.58
FI,2025,6,4,0.4585,0.2094,0.5522,0.5573,0.51
FI,2025,6,5,0.4838,0.2094,0.5732,0.5749,0.17
FI,2025,6,6,0.4975,0.2094,0.5845,0.5868,0.23
FI,2025,6,7,0.5113,0.2094,0.5959,0.5976,0.17
FI,2025,6,8,0.5202,0.2094,0.6033,0.6048,0.15
FI,2025,6,9,0.5318,0.2094,0.6129,0.6129,0.0
FI,2025,6,10,0.5432,0.2094,0.6223,0.6228,0.05
BE,2010,1,1,1.1474,0.1725,1.1257,1.1508,2.51
BE,2010,1,2,0.6229,0.3546,0.7216,0.6418,7.98
BE,2010,1,3,0.6007,0.3961,0.714,0.7105,0.35
BE,2010,1,4,0.5626,0.343,0.6743,0.6694,0.49
BE,2010,1,5,0.5462,0.3207,0.6564,0.6551,0.12
BE,2010,1,6,0.543,0.3207,0.654,0.6559,0.19
BE,2010,1,7,0.5528,0.3083,0.6582,0.6597,0.14
BE,2010,1,8,0.5659,0.2941,0.6646,0.665,0.04
BE,2010,1,9,0.569,0.2773,0.6626,0.6629,0.03
BE,2010,1,10,0.5654,0.269,0.6575,0.6575,0.0
BE,2010,6,1,1.0,0.216,1.0,1.0,0.0
BE,2010,6,2,0.5209,0.3484,0.6447,0.536,10.87
BE,2010,6,3,0.5491,0.3961,0.677,0.6711,0.59
BE,2010,6,4,0.5134,0.343,0.6377,0.635,0.27
BE,2010,6,5,0.5194,0.3207,0.6361,0.6373,0.12
BE,2010,6,6,0.5052,0.3207,0.6254,0.6273,0.19
BE,2010,6,7,0.522,0.3083,0.6346,0.6371,0.24
BE,2010,6,8,0.5491,0.2948,0.6517,0.6541,0.24
BE,2010,6,9,0.5594,0.278,0.6553,0.6569,0.16
BE,2010,6,10,0.5654,0.269,0.6575,0.6575,0.0
BE,2025,1,1,1.0,0.0675,1.0,0.9518,4.82
BE,2025,1,2,0.4789,0.3408,0.6114,0.5689,4.24
BE,2025,1,3,0.6114,0.4684,0.7354,0.7413,0.59
BE,2025,1,4,0.5701,0.3707,0.6864,0.6766,0.98
BE,2025,1,5,0.4989,0.3152,0.619,0.6114,0.76
BE,2025,1,6,0.4525,0.2693,0.5686,0.5697,0.11
BE,2025,1,7,0.4576,0.2528,0.567,0.5675,0.04
BE,2025,1,8,0.4571,0.25,0.5657,0.5662,0.05
BE,2025,1,9,0.4591,0.25,0.5673,0.5669,0.04
BE,2025,1,10,0.4569,0.25,0.5655,0.5655,0.0
BE,2025,6,1,1.0,0.1402,1.0,0.961,3.9
BE,2025,6,2,0.4391,0.3287,0.5778,0.514,6.39
BE,2025,6,3,0.5704,0.4684,0.7075,0.7167,0.92
BE,2025,6,4,0.5061,0.3707,0.6397,0.6307,0.9
BE,2025,6,5,0.4452,0.3095,0.5763,0.5707,0.57
BE,2025,6,6,0.4131,0.2725,0.5388,0.5408,0.2
BE,2025,6,7,0.4199,0.2558,0.5381,0.5399,0.18
BE,2025,6,8,0.4433,0.25,0.5546,0.5557,0.1
BE,2025,6,9,0.4485,0.25,0.5588,0.5602,0.14
BE,2025,6,10,0.4569,0.25,0.5655,0.5655,0.0
IE,2010,1,1,0.0,0.085,0.0783,0.0783,0.0
IE,2010,1,2,0.3934,0.0904,0.4437,0.459,1.53
IE,2010,1,3,0.415,0.1039,0.4701,0.4449,2.52
IE,2010,1,4,0.284,0.1075,0.3535,0.3557,0.22
IE,2010,1,5,0.384,0.1075,0.4438,0.4552,1.14
IE,2010,1,6,0.426,0.1075,0.4817,0.4931,1.14
IE,2010,1,7,0.468,0.1075,0.5196,0.5272,0.76
IE,2010,1,8,0.51,0.1075,0.5576,0.5576,0.0
IE,2010,1,9,0.508,0.1075,0.5557,0.5554,0.04
IE,2010,1,10,0.502,0.1075,0.5503,0.55,0.04
IE,2010,6,1,-0.0,0.085,0.0783,0.0783,0.0
IE,2010,6,2,0.7343,0.2603,0.7892,0.7914,0.22
IE,2010,6,3,0.7107,0.2275,0.7643,0.7563,0.8
IE,2010,6,4,0.7338,0.1075,0.7597,0.7445,1.51
IE,2010,6,5,0.7267,0.1075,0.7532,0.7506,0.26
IE,2010,6,6,0.426,0.1075,0.4817,0.4741,0.76
IE,2010,6,7,0.5947,0.1075,0.634,0.6102,2.38
IE,2010,6,8,0.468,0.1075,0.5196,0.5272,0.76
IE,2010,6,9,0.508,0.1075,0.5558,0.5554,0.04
IE,2010,6,10,0.5,0.1075,0.5485,0.5485,0.0
IE,2025,1,1,0.004,0.089,0.0854,0.0861,0.07
IE,2025,1,2,0.2785,0.0944,0.3408,0.3403,0.04
IE,2025,1,3,0.269,0.1079,0.3402,0.3406,0.04
IE,2025,1,4,0.351,0.1115,0.4161,0.4269,1.08
IE,2025,1,5,0.431,0.1115,0.4881,0.4953,0.72
IE,2025,1,6,0.471,0.1115,0.5241,0.5241,0.0
IE,2025,1,7,0.491,0.1115,0.5421,0.5448,0.27
IE,2025,1,8,0.511,0.1115,0.5601,0.5619,0.18
IE,2025,1,9,0.521,0.1115,0.5691,0.5691,0.0
IE,2025,1,10,0.521,0.1115,0.5691,0.5691,0.0
IE,2025,6,1,0.0,0.089,0.0817,0.0817,0.0
IE,2025,6,2,0.6453,0.2643,0.7195,0.7184,0.11
IE,2025,6,3,0.6919,0.2315,0.7498,0.7525,0.27
IE,2025,6,4,0.587,0.1115,0.6284,0.6096,1.88
IE,2025,6,5,0.6687,0.1115,0.7019,0.6891,1.28
IE,2025,6,6,0.436,0.1115,0.4926,0.4966,0.4
IE,2025,6,7,0.4759,0.1115,0.5285,0.5339,0.54
IE,2025,6,8,0.5097,0.1115,0.5589,0.5608,0.19
IE,2025,6,9,0.521,0.1115,0.5691,0.5691,0.0
IE,2025,6,10,0.521,0.1115,0.5691,0.5691,0.0
IT,2010,1,1,0.2414,0.0,0.2414,0.2534,1.21
IT,2010,1,2,0.3028,0.0,0.3028,0.3029,0.01
IT,2010,1,3,0.3035,0.0,0.3035,0.3035,0.0
IT,2010,1,4,0.2981,0.0,0.2981,0.2973,0.08
IT,2010,1,5,0.32,0.0,0.32,0.3242,0.41
IT,2010,1,6,0.3449,0.0,0.3449,0.3515,0.66
IT,2010,1,7,0.3695,0.0,0.3695,0.3761,0.66
IT,2010,1,8,0.3915,0.0,0.3915,0.3959,0.44
IT,2010,1,9,0.4134,0.0,0.4134,0.4134,0.0
IT,2010,1,10,0.4147,0.0,0.4147,0.4154,0.07
IT,2010,6,1,-0.0,0.0,0.0,0.0,0.0
IT,2010,6,2,0.2889,0.0,0.2889,0.3129,2.4
IT,2010,6,3,0.4406,0.0,0.4406,0.4406,0.0
IT,2010,6,4,0.4352,0.0,0.4352,0.4344,0.08
IT,2010,6,5,0.4551,0.0,0.4551,0.4586,0.35
IT,2010,6,6,0.457,0.0,0.457,0.4588,0.18
IT,2010,6,7,0.4603,0.0,0.4603,0.461,0.07
IT,2010,6,8,0.4533,0.0,0.4533,0.4519,0.14
IT,2010,6,9,0.4541,0.0,0.4541,0.4563,0.23
IT,2010,6,10,0.4728,0.0,0.4728,0.4726,0.02
IT,2025,1,1,0.2841,0.0,0.2841,0.2978,1.37
IT,2025,1,2,0.3583,0.0,0.3583,0.357,0.13
IT,2025,1,3,0.0863,0.0,0.0863,0.2006,11.43
IT,2025,1,4,0.4641,0.0,0.4641,0.5185,5.44
IT,2025,1,5,0.4945,0.0,0.4945,0.5473,5.28
IT,2025,1,6,0.5187,0.0,0.5187,0.5262,0.76
IT,2025,1,7,0.534,0.0,0.534,0.5317,0.23
IT,2025,1,8,0.5454,0.0,0.5454,0.5363,0.91
IT,2025,1,9,0.4883,0.0,0.4883,0.4883,0.0
IT,2025,1,10,0.4881,0.0,0.4881,0.4881,0.0
IT,2025,6,1,0.1068,0.0,0.1068,0.1254,1.86
IT,2025,6,2,0.3899,0.0,0.3899,0.3598,3.01
IT,2025,6,3,0.0914,0.0,0.0914,0.1569,6.55
IT,2025,6,4,0.4423,0.0,0.4423,0.4547,1.24
IT,2025,6,5,0.482,0.0,0.482,0.4977,1.57
IT,2025,6,6,0.521,0.0,0.521,0.6132,9.22
IT,2025,6,7,0.5385,0.0,0.5385,0.5473,0.88
IT,2025,6,8,0.5412,0.0,0.5412,0.5574,1.62
IT,2025,6,9,0.5,0.0,0.5,0.5407,4.07
IT,2025,6,10,0.4955,0.0,0.4955,0.5608,6.53
LU,2010,1,1,1.0766,0.1501,1.0666,1.0682,0.16
LU,2010,1,2,0.4827,0.1501,0.5502,0.5236,2.66
LU,2010,1,3,0.4521,0.1501,0.5236,0.5018,2.18
LU,2010,1,4,0.3477,0.1501,0.4328,0.4374,0.46
LU,2010,1,5,0.3848,0.1501,0.4651,0.4704,0.53
LU,2010,1,6,0.4435,0.1501,0.5161,0.5216,0.55
LU,2010,1,7,0.4693,0.1501,0.5385,0.541,0.24
LU,2010,1,8,0.4802,0.1501,0.5481,0.5485,0.04
LU,2010,1,9,0.4839,0.1501,0.5513,0.5509,0.04
LU,2010,1,10,0.4039,0.0,0.4039,0.404,0.01
LU,2010,6,1,1.0765,0.1501,1.0665,1.0665,0.0
LU,2010,6,2,1.0635,0.1501,1.0553,1.0552,0.0
LU,2010,6,3,1.0582,0.1501,1.0506,1.051,0.03
LU,2010,6,4,1.0741,0.1501,1.0644,1.0648,0.04
LU,2010,6,5,0.8916,0.1501,0.9057,0.88,2.57
LU,2010,6,6,0.7064,0.1501,0.7447,0.7132,3.15
LU,2010,6,7,0.631,0.1501,0.6792,0.6426,3.65
LU,2010,6,8,0.3409,0.1501,0.4269,0.4316,0.47
LU,2010,6,9,0.4045,0.1501,0.4822,0.488,0.58
LU,2010,6,10,0.4207,0.024,0.4343,0.4313,0.3
LU,2025,1,1,0.8742,0.1365,0.8893,0.8898,0.05
LU,2025,1,2,0.3364,0.1365,0.4161,0.4223,0.62
LU,2025,1,3,0.4719,0.1365,0.5353,0.5348,0.05
LU,2025,1,4,0.4547,0.1365,0.5202,0.5266,0.64
LU,2025,1,5,0.4902,0.1365,0.5515,0.5554,0.4
LU,2025,1,6,0.5027,0.1365,0.5624,0.5622,0.03
LU,2025,1,7,0.5056,0.1365,0.565,0.5638,0.12
LU,2025,1,8,0.4973,0.1365,0.5577,0.5576,0.01
LU,2025,1,9,0.4992,0.1365,0.5593,0.5599,0.05
LU,2025,1,10,0.4615,0.0,0.4615,0.4624,0.09
LU,2025,6,1,0.8582,0.1365,0.8752,0.8758,0.06
LU,2025,6,2,0.8666,0.1365,0.8826,0.8839,0.14
LU,2025,6,3,0.8812,0.1365,0.8955,0.8969,0.14
LU,2025,6,4,0.6647,0.1365,0.705,0.6745,3.05
LU,2025,6,5,0.9736,0.1365,0.9768,0.9386,3.81
LU,2025,6,6,0.6244,0.1365,0.6696,0.6371,3.24
LU,2025,6,7,0.5456,0.1365,0.6002,0.5805,1.97
LU,2025,6,8,0.4203,0.1365,0.4899,0.4964,0.65
LU,2025,6,9,0.4795,0.1365,0.542,0.5445,0.24
LU,2025,6,10,0.4346,0.0052,0.4375,0.437,0.05
NL,2010,1,1,1.0,0.1526,1.0,1.0,0.0
NL,2010,1,2,0.4163,0.1723,0.5021,0.5141,1.2
NL,2010,1,3,0.4755,0.1439,0.5415,0.5377,0.38
NL,2010,1,4,0.4558,0.0876,0.4996,0.4955,0.41
NL,2010,1,5,0.4291,0.0568,0.4598,0.4589,0.09
NL,2010,1,6,0.4424,0.0227,0.4547,0.4585,0.38
NL,2010,1,7,0.4613,0.0143,0.4689,0.4747,0.58
NL,2010,1,8,0.4823,0.0067,0.4858,0.4913,0.55
NL,2010,1,9,0.52,0.0,0.52,0.52,0.0
NL,2010,1,10,0.52,0.0,0.52,0.52,0.0
NL,2010,6,1,0.9929,0.1526,0.9938,0.9935,0.03
NL,2010,6,2,0.5659,0.1723,0.6297,0.6158,1.39
NL,2010,6,3,0.5495,0.1728,0.6159,0.6199,0.4
NL,2010,6,4,0.5638,0.0876,0.5989,0.5973,0.16
NL,2010,6,5,0.5127,0.0429,0.5328,0.5258,0.69
NL,2010,6,6,0.5027,0.0227,0.5138,0.5103,0.35
NL,2010,6,7,0.4967,0.0143,0.5038,0.5036,0.02
NL,2010,6,8,0.509,0.0067,0.5123,0.5143,0.21
NL,2010,6,9,0.5076,0.0,0.5076,0.5101,0.25
NL,2010,6,10,0.52,0.0,0.52,0.52,0.0
NL,2025,1,1,1.0,0.1734,1.0,1.0,0.0
NL,2025,1,2,0.3047,0.1735,0.4075,0.4319,2.44
NL,2025,1,3,0.5169,0.1734,0.5883,0.5859,0.25
NL,2025,1,4,0.4923,0.1734,0.5673,0.5677,0.04
NL,2025,1,5,0.5033,0.1735,0.5767,0.5767,0.0
NL,2025,1,6,0.5033,0.1734,0.5767,0.5767,0.0
NL,2025,1,7,0.5146,0.1318,0.5712,0.5732,0.2
NL,2025,1,8,0.526,0.0843,0.5629,0.566,0.31
NL,2025,1,9,0.5487,0.0278,0.5609,0.5631,0.22
NL,2025,1,10,0.5416,0.0,0.5416,0.5385,0.31
NL,2025,6,1,1.0,0.1735,1.0,1.0,0.0
NL,2025,6,2,0.6057,0.1734,0.6639,0.6385,2.55
NL,2025,6,3,0.5886,0.1734,0.6494,0.6568,0.75
NL,2025,6,4,0.6264,0.1734,0.6816,0.6789,0.27
NL,2025,6,5,0.6214,0.1735,0.6773,0.671,0.63
NL,2025,6,6,0.6017,0.1735,0.6605,0.6559,0.47
NL,2025,6,7,0.5856,0.1318,0.6339,0.6359,0.2
NL,2025,6,8,0.6084,0.059,0.6302,0.6334,0.32
NL,2025,6,9,0.6197,0.0278,0.63,0.6322,0.22
NL,2025,6,10,0.5779,0.0,0.5779,0.571,0.69
PT,2010,1,1,0.5372,0.2375,0.626,0.5915,3.45
PT,2010,1,2,0.1732,0.2375,0.3319,0.3389,0.7
PT,2010,1,3,0.1879,0.2375,0.3438,0.3504,0.66
PT,2010,1,4,0.23,0.2375,0.3777,0.3848,0.71
PT,2010,1,5,0.2842,0.2375,0.4216,0.4273,0.57
PT,2010,1,6,0.3088,0.2375,0.4415,0.4465,0.51
PT,2010,1,7,0.3436,0.2375,0.4696,0.4707,0.12
PT,2010,1,8,0.3508,0.2375,0.4754,0.4754,0.0
PT,2010,1,9,0.4156,0.2375,0.5278,0.533,0.52
PT,2010,1,10,0.4338,0.2375,0.5425,0.5435,0.11
PT,2010,6,1,0.822,0.2375,0.8562,0.8562,0.0
PT,2010,6,2,0.822,0.2375,0.8562,0.8562,0.0
PT,2010,6,3,0.8639,0.2375,0.89,0.8372,5.28
PT,2010,6,4,0.4519,0.2375,0.5571,0.5226,3.45
PT,2010,6,5,0.3637,0.2375,0.4859,0.4608,2.51
PT,2010,6,6,0.2046,0.2375,0.3572,0.3603,0.3
PT,2010,6,7,0.2151,0.2375,0.3657,0.3704,0.47
PT,2010,6,8,0.2799,0.2375,0.4181,0.4231,0.5
PT,2010,6,9,0.376,0.2375,0.4958,0.4978,0.2
PT,2010,6,10,0.3734,0.2375,0.4936,0.497,0.34
PT,2025,1,1,0.11,0.2375,0.2808,0.2808,0.0
PT,2025,1,2,0.11,0.2375,0.2808,0.2808,0.0
PT,2025,1,3,0.11,0.2375,0.2808,0.2808,0.0
PT,2025,1,4,0.11,0.2375,0.2808,0.2808,0.0
PT,2025,1,5,0.11,0.2375,0.2808,0.2808,0.0
PT,2025,1,6,0.11,0.2375,0.2808,0.2808,0.0
PT,2025,1,7,0.11,0.2375,0.2808,0.2808,0.0
PT,2025,1,8,0.11,0.2375,0.2808,0.2808,0.0
PT,2025,1,9,0.11,0.2375,0.2808,0.2808,0.0
PT,2025,1,10,0.1145,0.2375,0.2844,0.2851,0.07
PT,2025,6,1,0.822,0.2375,0.8562,0.8562,0.0
PT,2025,6,2,0.2524,0.2375,0.3959,0.3729,2.3
PT,2025,6,3,0.11,0.2375,0.2808,0.2808,0.0
PT,2025,6,4,0.11,0.2375,0.2808,0.2808,0.0
PT,2025,6,5,0.11,0.2375,0.2808,0.2808,0.0
PT,2025,6,6,0.244,0.2375,0.3891,0.3891,0.0
PT,2025,6,7,0.11,0.2375,0.2808,0.2808,0.0
PT,2025,6,8,0.11,0.2375,0.2808,0.2808,0.0
PT,2025,6,9,0.11,0.2375,0.2808,0.2808,0.0
PT,2025,6,10,0.1748,0.2375,0.3331,0.3227,1.05
ES,2010,1,1,0.0635,0.299,0.2791,0.2791,0.0
ES,2010,1,2,0.1637,0.299,0.3562,0.3682,1.2
ES,2010,1,3,0.2053,0.299,0.3882,0.3891,0.09
ES,2010,1,4,0.2278,0.299,0.4055,0.399,0.65
ES,2010,1,5,0.1984,0.299,0.3829,0.3806,0.23
ES,2010,1,6,0.1854,0.299,0.3729,0.3738,0.09
ES,2010,1,7,0.1909,0.299,0.3771,0.3777,0.06
ES,2010,1,8,0.1946,0.299,0.38,0.38,0.0
ES,2010,1,9,0.1888,0.1017,0.2637,0.2632,0.05
ES,2010,1,10,0.197,0.0,0.197,0.1988,0.18
ES,2010,6,1,0.0635,0.299,0.2791,0.2791,0.0
ES,2010,6,2,0.2881,0.299,0.452,0.4866,3.46
ES,2010,6,3,0.22,0.299,0.3996,0.3927,0.69
ES,2010,6,4,0.1935,0.299,0.3792,0.3747,0.45
ES,2010,6,5,0.1534,0.299,0.3483,0.3517,0.35
ES,2010,6,6,0.1796,0.299,0.3685,0.369,0.06
ES,2010,6,7,0.1871,0.299,0.3742,0.3751,0.09
ES,2010,6,8,0.1909,0.299,0.3771,0.3777,0.06
ES,2010,6,9,0.1862,0.1376,0.2846,0.2841,0.05
ES,2010,6,10,0.203,0.0,0.203,0.2048,0.18
ES,2025,1,1,0.0604,0.2867,0.2698,0.2701,0.03
ES,2025,1,2,0.1751,0.1869,0.305,0.3219,1.69
ES,2025,1,3,0.2131,0.2816,0.386,0.3884,0.25
ES,2025,1,4,0.2184,0.299,0.3983,0.3956,0.26
ES,2025,1,5,0.1984,0.299,0.3829,0.3837,0.09
ES,2025,1,6,0.204,0.299,0.3872,0.3872,0.0
ES,2025,1,7,0.2128,0.299,0.394,0.3952,0.12
ES,2025,1,8,0.2236,0.299,0.4023,0.4039,0.15
ES,2025,1,9,0.223,0.1651,0.3331,0.3316,0.15
ES,2025,1,10,0.2184,0.0088,0.2252,0.2268,0.16
ES,2025,6,1,1.0,0.311,1.0,1.0,0.0
ES,2025,6,2,0.688,0.1854,0.7368,0.6999,3.68
ES,2025,6,3,0.2017,0.2512,0.3619,0.356,0.59
ES,2025,6,4,0.1808,0.299,0.3694,0.3703,0.1
ES,2025,6,5,0.1873,0.299,0.3744,0.3757,0.13
ES,2025,6,6,0.1984,0.299,0.3829,0.3837,0.09
ES,2025,6,7,0.2105,0.299,0.3922,0.3933,0.1
ES,2025,6,8,0.2184,0.299,0.3983,0.3998,0.15
ES,2025,6,9,0.4214,0.1735,0.507,0.5051,0.19
ES,2025,6,10,0.2264,0.0093,0.2335,0.2335,0.0
SE,2010,1,1,0.2885,0.3142,0.4586,0.4586,0.0
SE,2010,1,2,0.2945,0.3142,0.4632,0.4641,0.09
SE,2010,1,3,0.3005,0.3142,0.4677,0.4691,0.14
SE,2010,1,4,0.3046,0.3142,0.4709,0.4722,0.14
SE,2010,1,5,0.3174,0.3142,0.4806,0.4836,0.3
SE,2010,1,6,0.3524,0.3142,0.5072,0.5142,0.7
SE,2010,1,7,0.3932,0.3142,0.5382,0.5482,0.99
SE,2010,1,8,0.4383,0.3142,0.5726,0.5817,0.91
SE,2010,1,9,0.5138,0.3142,0.63,0.6338,0.37
SE,2010,1,10,0.5683,0.3142,0.6715,0.6715,0.0
SE,2010,6,1,0.2885,0.3142,0.4586,0.4586,0.0
SE,2010,6,2,0.2945,0.3142,0.4632,0.4641,0.09
SE,2010,6,3,0.3005,0.3142,0.4677,0.4691,0.14
SE,2010,6,4,0.3044,0.3142,0.4707,0.4721,0.14
SE,2010,6,5,0.3233,0.3142,0.4851,0.489,0.39
SE,2010,6,6,0.3524,0.3142,0.5072,0.5142,0.7
SE,2010,6,7,0.3929,0.3142,0.538,0.548,1.0
SE,2010,6,8,0.4383,0.3142,0.5726,0.5817,0.91
SE,2010,6,9,0.4999,0.3142,0.6195,0.6253,0.58
SE,2010,6,10,0.5683,0.3142,0.6715,0.6715,0.0
SE,2025,1,1,0.2611,0.3142,0.4378,0.438,0.03
SE,2025,1,2,0.2649,0.3142,0.4406,0.441,0.03
SE,2025,1,3,0.2755,0.3142,0.4487,0.4507,0.2
SE,2025,1,4,0.2884,0.3142,0.4585,0.4615,0.29
SE,2025,1,5,0.3013,0.3142,0.4683,0.4712,0.29
SE,2025,1,6,0.3012,0.3142,0.4683,0.4712,0.29
SE,2025,1,7,0.3541,0.3142,0.5085,0.5166,0.8
SE,2025,1,8,0.4069,0.3142,0.5487,0.5579,0.91
SE,2025,1,9,0.4869,0.3142,0.6096,0.6157,0.61
SE,2025,1,10,0.5269,0.3142,0.64,0.64,0.0
SE,2025,6,1,0.2611,0.3142,0.4378,0.438,0.03
SE,2025,6,2,0.2664,0.3142,0.4418,0.4424,0.06
SE,2025,6,3,0.2755,0.3142,0.4487,0.4507,0.19
SE,2025,6,4,0.2884,0.3142,0.4585,0.4615,0.29
SE,2025,6,5,0.3013,0.3142,0.4683,0.4712,0.29
SE,2025,6,6,0.3012,0.3142,0.4683,0.4712,0.29
SE,2025,6,7,0.3541,0.3142,0.5085,0.5166,0.8
SE,2025,6,8,0.4069,0.3142,0.5487,0.5579,0.91
SE,2025,6,9,0.4869,0.3142,0.6096,0.6157,0.61
SE,2025,6,10,0.5269,0.3142,0.64,0.64,0.0
