c,vintage,p90p10,note
AT,10,3.373,R_cur=6.226 lambda=0.665 year=2009
AT,14,3.311,R_cur=6.226 lambda=0.655 year=2015
AT,18,3.252,R_cur=6.226 lambda=0.645 year=2020
AT,22,3.112,R_cur=6.226 lambda=0.621 year=2026
BE,10,2.371,R_cur=6.332 lambda=0.468 year=2009
BE,14,2.346,R_cur=6.332 lambda=0.462 year=2015
BE,18,2.451,R_cur=6.332 lambda=0.486 year=2020
BE,22,2.663,R_cur=6.332 lambda=0.531 year=2026
DK,10,2.413,R_cur=3.614 lambda=0.686 year=2009
DK,14,2.459,R_cur=3.614 lambda=0.700 year=2015
DK,18,2.44,R_cur=3.614 lambda=0.694 year=2020
DK,22,2.497,R_cur=3.614 lambda=0.712 year=2026
FI,10,2.481,R_cur=2.970 lambda=0.835 year=2009
FI,14,2.533,R_cur=2.970 lambda=0.854 year=2015
FI,18,2.501,R_cur=2.970 lambda=0.842 year=2020
FI,22,2.618,R_cur=2.970 lambda=0.884 year=2026
FR,10,2.939,R_cur=5.280 lambda=0.648 year=2009
FR,14,2.892,R_cur=5.280 lambda=0.638 year=2015
FR,18,2.968,R_cur=5.280 lambda=0.654 year=2020
FR,22,3.173,R_cur=5.280 lambda=0.694 year=2026
DE,10,3.954,R_cur=5.876 lambda=0.776 year=2009
DE,14,3.893,R_cur=5.876 lambda=0.768 year=2015
DE,18,3.617,R_cur=5.876 lambda=0.726 year=2020
DE,22,3.609,R_cur=5.876 lambda=0.725 year=2026
EL,10,2.957,R_cur=5.416 lambda=0.642 year=2009
EL,14,3.17,R_cur=5.416 lambda=0.683 year=2015
EL,18,3.496,R_cur=5.416 lambda=0.741 year=2020
EL,22,3.288,R_cur=5.416 lambda=0.705 year=2026
IE,10,3.629,R_cur=7.696 lambda=0.632 year=2009
IE,14,3.569,R_cur=7.696 lambda=0.623 year=2015
IE,18,3.692,R_cur=7.696 lambda=0.640 year=2020
IE,22,3.865,R_cur=7.696 lambda=0.662 year=2026
IT,10,2.805,R_cur=4.185 lambda=0.720 year=2009
IT,14,2.719,R_cur=4.185 lambda=0.699 year=2015
IT,18,2.66,R_cur=4.185 lambda=0.683 year=2020
IT,22,2.685,R_cur=4.185 lambda=0.690 year=2026
LU,10,3.494,R_cur=6.027 lambda=0.696 year=2009
LU,14,3.64,R_cur=6.027 lambda=0.719 year=2015
LU,18,3.86,R_cur=6.027 lambda=0.752 year=2020
LU,22,3.887,R_cur=6.027 lambda=0.756 year=2026
NL,10,3.044,R_cur=6.841 lambda=0.579 year=2009
NL,14,3.168,R_cur=6.841 lambda=0.600 year=2015
NL,18,3.15,R_cur=6.841 lambda=0.597 year=2020
NL,22,3.121,R_cur=6.841 lambda=0.592 year=2026
PT,10,5.017,R_cur=6.973 lambda=0.831 year=2009
PT,14,4.39,R_cur=6.973 lambda=0.762 year=2015
PT,18,3.831,R_cur=6.973 lambda=0.692 year=2020
PT,22,3.358,R_cur=6.973 lambda=0.624 year=2026
ES,10,3.349,R_cur=5.627 lambda=0.700 year=2009
ES,14,3.355,R_cur=5.627 lambda=0.701 year=2015
ES,18,3.413,R_cur=5.627 lambda=0.711 year=2020
ES,22,3.369,R_cur=5.627 lambda=0.703 year=2026
SE,10,2.261,R_cur=2.592 lambda=0.856 year=2009
SE,14,2.295,R_cur=2.592 lambda=0.872 year=2015
SE,18,2.327,R_cur=2.592 lambda=0.887 year=2020
SE,22,2.379,R_cur=2.592 lambda=0.910 year=2026
