c,t,regime,Psi_d,Psi_d_stab,Psi_w,Psi_w_stab,eff_d,eff_w,Psi_w_V4,Psi_w_V4_stab,a_bottom_quintile,q,ctr,n_cells,n_hi_a,n_hi_tau,n_oor_a,q0_fallback,flags
AT,2009,V4,,undefined,266.497,undefined,-7.7586,-0.7808,266.497,undefined,88.98,0.0,0.1815,93,4,4,0,0,
AT,2010,V4,,undefined,265.6486,undefined,-7.763,-0.7806,265.6486,undefined,89.03,0.0,0.1816,93,4,4,0,0,
AT,2011,V4,,undefined,42.5344,stable,-19.5138,-0.6479,42.5344,stable,94.67,0.0,0.1827,93,7,7,4,0,
AT,2012,V4,,undefined,42.3568,stable,-19.5904,-0.6473,42.3568,stable,94.8,0.0,0.1876,93,7,7,1,0,
AT,2013,V4,,undefined,42.3015,stable,-19.6039,-0.6472,42.3015,stable,94.73,0.0,0.185,93,7,7,4,0,
AT,2014,V4,,undefined,42.071,stable,-19.7099,-0.6464,42.071,stable,94.82,0.0,0.1854,93,8,7,2,0,
AT,2015,V4,,undefined,41.9922,stable,-19.6784,-0.6462,41.9922,stable,94.81,0.0,0.1891,93,8,7,4,0,
AT,2016,V4,,undefined,42.9972,unstable,-19.256,-0.6493,42.9972,unstable,94.19,0.0,0.1912,93,7,7,4,0,
AT,2017,V4,,undefined,43.2246,unstable,-19.145,-0.6499,43.2246,unstable,93.3,0.0,0.19,93,7,7,1,0,
AT,2018,V4,,undefined,43.1753,unstable,-19.1634,-0.6498,43.1753,unstable,93.35,0.0,0.1884,93,7,7,1,0,
AT,2019,V4,,undefined,132.2322,stable,-10.2776,-0.7483,132.2322,stable,92.99,0.0,0.1885,93,7,5,1,0,
AT,2020,V4,,undefined,124.6046,stable,-10.5362,-0.7449,124.6046,stable,92.83,0.0,0.1826,93,7,5,0,0,
AT,2021,V4,,undefined,62.1963,unstable,-16.9733,-0.6913,62.1963,unstable,93.24,0.0,0.1867,93,7,5,2,0,
AT,2022,V4,,undefined,160.6182,stable,-9.4737,-0.7584,160.6182,stable,92.46,0.0,0.1761,93,6,5,2,0,
AT,2023,V4,,undefined,83.7821,stable,-12.7304,-0.7178,83.7821,stable,92.89,0.0,0.1725,93,7,6,2,0,
AT,2024,V4,,undefined,43.6225,unstable,-19.0285,-0.6511,43.6225,unstable,93.08,0.0,0.1687,93,7,6,2,0,
AT,2025,V4,,undefined,43.5698,unstable,-19.0556,-0.651,43.5698,unstable,93.18,0.0,0.1687,93,7,6,2,0,ctr_carryforward
AT,2026,V4,,undefined,52.9562,unstable,-14.6901,-0.6743,52.9562,unstable,92.85,0.0,0.1687,93,7,6,2,0,ctr_carryforward
BE,2009,V4,,undefined,114.5335,undefined,-5.2128,-0.7434,114.5335,undefined,82.73,0.0,0.1715,93,4,4,2,1,
BE,2010,V4,,undefined,113.86,undefined,-5.0679,-0.743,113.86,undefined,82.78,0.0,0.1749,93,4,4,2,1,
BE,2011,V4,,undefined,257.6311,undefined,-4.1362,-0.7813,257.6311,undefined,82.85,0.0,0.1749,93,4,3,2,1,
BE,2012,V4,,undefined,229.3817,undefined,-4.2781,-0.7772,229.3817,undefined,83.31,0.0,0.1738,93,4,3,2,1,
BE,2013,V4,,undefined,591.4053,undefined,-3.806,-0.8008,591.4053,undefined,82.93,0.0,0.1739,93,4,3,2,1,
BE,2014,V4,,undefined,1363.6214,undefined,-3.5078,-0.8156,1363.6214,undefined,81.18,0.0,0.1721,93,3,3,2,1,
BE,2015,V4,,undefined,1352.1105,undefined,-3.5088,-0.8155,1352.1105,undefined,80.97,0.0,0.1722,93,3,3,2,1,
BE,2016,V4,,undefined,573.5709,undefined,-3.5853,-0.8003,573.5709,undefined,79.12,0.0,0.1786,93,2,1,2,1,
BE,2017,V4,7.203,stable,,undefined,-0.6741,-2.225,,undefined,77.18,0.0,0.1793,93,0,0,0,1,
BE,2018,V4,7.7923,stable,,undefined,-0.6919,-2.0113,,undefined,76.92,0.0,0.1793,93,0,0,0,1,
BE,2019,V4,6.6256,stable,,undefined,-0.6543,-2.7782,,undefined,76.46,0.0,0.178,93,0,0,0,1,
BE,2020,V4,110.013,unstable,,undefined,-0.9724,-1.1804,,undefined,76.65,0.0,0.1705,93,0,1,0,1,
BE,2021,V4,,undefined,92.6523,undefined,-1.0615,-0.7291,92.6523,undefined,77.56,0.0,0.1857,93,0,2,0,1,
BE,2022,V4,6.093,stable,,undefined,-0.6334,-3.5531,,undefined,77.23,0.0,0.1566,93,0,0,0,1,
BE,2023,V4,6.0812,stable,,undefined,-0.6329,-3.3263,,undefined,77.23,0.0,0.145,93,0,0,0,1,
BE,2024,V4,30.8233,unstable,0.3752,unstable,-0.9061,0.2288,0.3752,unstable,75.79,0.0,0.1451,93,0,1,0,1,
BE,2025,V4,4.716,stable,0.0,stable,-0.5636,2.7025,0.0,stable,74.74,0.0,0.1423,93,0,0,0,1,
BE,2026,V4,4.6596,stable,0.0001,stable,-0.5601,2.409,0.0001,stable,74.42,0.0,0.1423,93,0,0,0,1,ctr_carryforward
DK,2009,V4,,undefined,42.2065,unstable,-7.6354,-0.5046,42.2065,unstable,86.09,0.0,0.3363,88,4,2,4,1,
DK,2010,V4,,undefined,42.7476,unstable,-7.6376,-0.5058,42.7476,unstable,86.0,0.0,0.3351,88,4,2,4,1,
DK,2011,V4,,undefined,43.477,stable,-7.5926,-0.5075,43.477,stable,85.8,0.0,0.3281,88,4,2,4,1,
DK,2012,V4,,undefined,44.0928,stable,-7.551,-0.5089,44.0928,stable,85.77,0.0,0.3281,88,4,2,4,1,
DK,2013,V4,,undefined,52.1546,unstable,-7.2414,-0.5246,52.1546,unstable,85.57,0.0,0.3218,88,4,2,4,1,
DK,2014,V4,,undefined,47.9207,stable,-7.0114,-0.5169,47.9207,stable,84.42,0.0,0.3238,88,4,4,4,1,
DK,2015,V4,,undefined,8.7632,unstable,-9.6345,-0.3099,8.7632,unstable,84.96,0.0,0.3248,88,4,6,4,1,
DK,2016,V4,,undefined,8.7852,unstable,-9.6327,-0.3102,8.7852,unstable,85.01,0.0,0.3229,88,4,6,4,1,
DK,2017,V4,,undefined,8.7974,unstable,-9.6285,-0.3104,8.7974,unstable,85.05,0.0,0.3264,88,4,6,4,1,
DK,2018,V4,,undefined,8.777,unstable,-9.5936,-0.3101,8.777,unstable,84.7,0.0,0.3245,88,4,6,4,1,
DK,2019,V4,,undefined,20.9286,unstable,-8.2306,-0.4177,20.9286,unstable,84.35,0.0,0.3189,88,4,5,4,1,
DK,2020,V4,,undefined,21.5254,unstable,-8.0522,-0.4217,21.5254,unstable,84.23,0.0,0.3304,88,4,5,3,1,
DK,2021,V4,,undefined,-0.0,unstable,-5.7147,3.2974,-0.0,unstable,80.72,0.0,0.3291,88,1,6,1,1,
DK,2022,V4,,undefined,-0.0,unstable,-4.4764,2.2765,-0.0,unstable,80.56,0.0,0.3302,88,1,4,1,1,
DK,2023,V4,,undefined,-0.0,unstable,-5.7666,3.5481,-0.0,unstable,80.24,0.0,0.3074,88,1,5,1,1,
DK,2024,V4,,undefined,0.0316,unstable,-2.9326,0.8886,0.0316,unstable,80.23,0.0,0.3184,88,1,2,1,1,
DK,2025,V4,,undefined,0.0238,unstable,-2.913,0.9533,0.0238,unstable,79.85,0.0,0.3171,88,1,2,1,1,
DK,2026,V4,,undefined,,undefined,-3.1358,-4.4102,,undefined,61.83,0.0,0.3171,88,0,3,0,1,ctr_carryforward
FI,2009,V4,4.3698,stable,1.9553,stable,-0.476,-0.0987,1.9553,stable,66.28,0.0,0.2324,98,0,0,0,0,
FI,2010,V4,4.3381,stable,2.0891,stable,-0.4737,-0.1077,2.0891,stable,65.98,0.0,0.2317,98,0,0,0,0,
FI,2011,V4,4.4377,stable,2.2479,stable,-0.481,-0.1173,2.2479,stable,66.21,0.0,0.2518,98,0,0,0,0,
FI,2012,V4,4.7872,stable,2.048,stable,-0.5052,-0.105,2.048,stable,67.33,0.0,0.2518,98,0,0,0,0,
FI,2013,V4,5.1149,stable,1.9688,stable,-0.5259,-0.0997,1.9688,stable,68.28,0.0,0.2555,98,0,0,0,0,
FI,2014,V4,5.2301,stable,2.0096,stable,-0.5328,-0.1024,2.0096,stable,68.45,0.0,0.25,98,0,0,0,0,
FI,2015,V4,5.3218,stable,2.0341,stable,-0.5382,-0.1041,2.0341,stable,68.49,0.0,0.246,98,0,0,0,0,
FI,2016,V4,5.3805,stable,2.3118,stable,-0.5415,-0.121,2.3118,stable,68.33,0.0,0.2558,98,0,0,0,0,
FI,2017,V4,4.9961,stable,2.1735,stable,-0.5186,-0.1129,2.1735,stable,67.44,0.0,0.2552,98,0,0,0,0,
FI,2018,V4,4.9313,stable,2.1973,stable,-0.5146,-0.1144,2.1973,stable,67.22,0.0,0.2607,98,0,0,0,0,
FI,2019,V4,4.7825,stable,2.2111,stable,-0.5049,-0.1152,2.2111,stable,66.73,0.0,0.2574,98,0,0,0,0,
FI,2020,V4,4.4522,stable,2.2863,stable,-0.4821,-0.1195,2.2863,stable,65.34,0.0,0.2585,98,0,0,0,0,
FI,2021,V4,4.7023,stable,2.5601,stable,-0.4996,-0.1338,2.5601,stable,66.08,0.0,0.2532,98,0,0,0,0,
FI,2022,V4,4.582,stable,2.5193,stable,-0.4913,-0.1318,2.5193,stable,65.67,0.0,0.2446,98,0,0,0,0,
FI,2023,V4,4.8186,stable,2.2134,stable,-0.5073,-0.1153,2.2134,stable,65.94,0.0,0.2171,98,0,0,0,0,
FI,2024,V4,4.589,stable,1.963,stable,-0.4918,-0.0993,1.963,stable,65.51,0.0,0.2181,98,0,0,0,0,
FI,2025,V4,4.5877,stable,2.3336,stable,-0.4917,-0.1222,2.3336,stable,65.03,0.0,0.2181,98,0,0,0,0,ctr_carryforward
FI,2026,V4,4.326,stable,2.4459,stable,-0.4728,-0.1281,2.4459,stable,64.04,0.0,0.2181,98,0,0,0,0,ctr_carryforward
FR,2009,V4,2.9575,stable,1.4316,stable,-0.3873,-0.0773,1.4316,stable,60.52,0.0,0.1542,100,0,0,0,0,
FR,2010,V4,2.9373,stable,1.396,stable,-0.385,-0.0722,1.396,stable,60.65,0.0,0.1577,100,0,0,0,0,
FR,2011,V4,2.9745,stable,1.4037,stable,-0.3893,-0.0733,1.4037,stable,60.91,0.0,0.1645,100,0,0,0,0,
FR,2012,V4,3.0354,stable,1.4555,stable,-0.3961,-0.0807,1.4555,stable,60.97,0.0,0.1671,100,0,0,0,0,
FR,2013,V4,3.084,stable,1.4814,stable,-0.4015,-0.0842,1.4814,stable,61.16,0.0,0.1685,100,0,0,0,0,
FR,2014,V4,3.1638,stable,1.5185,stable,-0.41,-0.0892,1.5185,stable,61.49,0.0,0.1721,100,0,0,0,0,
FR,2015,V4,3.1529,stable,1.5308,stable,-0.4089,-0.0908,1.5308,stable,61.46,0.0,0.178,100,0,0,0,0,
FR,2016,V4,3.2226,stable,1.6711,stable,-0.4161,-0.1079,1.6711,stable,60.73,0.0,0.1804,100,0,0,0,0,
FR,2017,V4,3.3457,stable,1.7338,stable,-0.4285,-0.1149,1.7338,stable,61.4,0.0,0.1883,100,0,0,0,0,
FR,2018,V4,3.3482,stable,1.6369,stable,-0.4287,-0.1039,1.6369,stable,61.92,0.0,0.1924,100,0,0,0,0,
FR,2019,V4,3.2521,stable,2.1219,stable,-0.4192,-0.153,2.1219,stable,57.49,0.0,0.1945,100,0,0,0,0,
FR,2020,V4,3.1094,stable,2.0426,stable,-0.4042,-0.1459,2.0426,stable,55.93,0.0,0.1881,100,0,0,0,0,
FR,2021,V4,3.3486,stable,2.4883,stable,-0.4288,-0.1816,2.4883,stable,55.46,0.0,0.2019,100,0,0,0,0,
FR,2022,V4,3.3606,stable,2.4563,stable,-0.43,-0.1794,2.4563,stable,55.84,0.0,0.1908,100,0,0,0,0,
FR,2023,V4,3.1578,stable,2.2506,stable,-0.4094,-0.1638,2.2506,stable,55.08,0.0,0.1717,100,0,0,0,0,
FR,2024,V4,3.006,stable,2.052,stable,-0.3928,-0.1467,2.052,stable,54.68,0.0,0.1694,100,0,0,0,0,
FR,2025,V4,3.0606,stable,2.1275,stable,-0.3989,-0.1535,2.1275,stable,54.82,0.0,0.1694,100,0,0,0,0,ctr_carryforward
FR,2026,V4,3.0507,stable,2.1371,stable,-0.3978,-0.1543,2.1371,stable,55.29,0.0,0.1694,100,0,0,0,0,ctr_carryforward
DE,2009,V4,,undefined,,undefined,-1.864,-2.7013,,undefined,73.4,0.0,0.1739,98,0,3,0,1,
DE,2010,V4,4.3733,stable,1.3381,unstable,-0.5011,-0.0582,1.3381,unstable,73.44,0.0,0.1676,98,0,2,0,1,
DE,2011,V4,3.8547,stable,0.8271,stable,-0.4618,0.0391,0.8271,stable,73.93,0.0,0.175,98,0,1,0,1,
DE,2012,V4,3.541,stable,0.6495,stable,-0.4345,0.0901,0.6495,stable,73.94,0.0,0.1731,98,0,0,0,1,
DE,2013,V4,3.5347,stable,0.65,stable,-0.4339,0.0899,0.65,stable,73.88,0.0,0.1754,98,0,0,0,1,
DE,2014,V4,3.8579,stable,0.8141,stable,-0.4621,0.0424,0.8141,stable,74.04,0.0,0.1778,98,0,1,0,1,
DE,2015,V4,3.5503,stable,0.655,stable,-0.4353,0.0883,0.655,stable,73.99,0.0,0.1785,98,0,0,0,1,
DE,2016,V4,3.8021,stable,0.8149,stable,-0.4574,0.0422,0.8149,stable,73.92,0.0,0.1758,98,0,1,0,1,
DE,2017,V4,3.7608,stable,0.8543,stable,-0.4539,0.0324,0.8543,stable,73.34,0.0,0.176,98,0,1,0,1,
DE,2018,V4,,undefined,,undefined,-1.7308,-2.3678,,undefined,73.13,0.0,0.1733,98,0,1,0,1,
DE,2019,V4,2.6355,stable,0.9733,stable,-0.3356,0.0055,0.9733,stable,67.31,0.0,0.1715,98,0,1,0,1,
DE,2020,V4,2.3975,stable,0.7282,stable,-0.3044,0.0659,0.7282,stable,67.86,0.0,0.163,98,0,0,0,1,
DE,2021,V4,2.4021,stable,0.7228,stable,-0.305,0.0674,0.7228,stable,68.02,0.0,0.1743,98,0,0,0,1,
DE,2022,V4,2.3591,stable,0.7933,stable,-0.299,0.0479,0.7933,stable,66.84,0.0,0.1593,98,0,0,0,1,
DE,2023,V4,2.5026,stable,0.8076,stable,-0.3186,0.0441,0.8076,stable,68.0,0.0,0.1438,98,0,1,0,1,
DE,2024,V4,2.3882,stable,0.7085,stable,-0.3031,0.0717,0.7085,stable,68.39,0.0,0.1409,98,0,0,0,1,
DE,2025,V4,2.3925,stable,0.7053,stable,-0.3037,0.0726,0.7053,stable,68.77,0.0,0.1409,98,0,0,0,1,ctr_carryforward
DE,2026,V4,2.3949,stable,0.7103,stable,-0.304,0.0711,0.7103,stable,68.64,0.0,0.1409,98,0,0,0,1,ctr_carryforward
EL,2009,V4,1.2426,stable,1.2583,stable,-0.0893,-0.0493,1.2583,stable,13.12,0.0,0.136,94,0,0,0,0,gross_basis
EL,2010,V4,1.2944,stable,1.3429,stable,-0.106,-0.0626,1.3429,stable,14.69,0.0,0.1565,94,0,0,0,0,gross_basis
EL,2011,V4,1.3173,stable,1.3311,stable,-0.1131,-0.0608,1.3311,stable,16.99,0.0,0.1625,94,0,0,0,0,gross_basis
EL,2012,V4,1.3144,stable,1.3235,stable,-0.1122,-0.0597,1.3235,stable,17.16,0.0,0.1673,94,0,0,0,0,gross_basis
EL,2013,V4,1.3444,stable,1.4012,stable,-0.1214,-0.0712,1.4012,stable,16.29,0.0,0.1702,94,0,0,0,0,gross_basis
EL,2014,V4,1.3708,stable,1.4053,stable,-0.1293,-0.0718,1.4053,stable,18.26,0.0,0.1765,94,0,0,0,0,gross_basis
EL,2015,V4,1.3471,stable,1.4111,stable,-0.1222,-0.0726,1.4111,stable,16.39,0.0,0.1761,94,0,0,0,0,gross_basis
EL,2016,V4,3.0449,unstable,8.8013,unstable,-0.4345,-0.3832,8.8013,unstable,27.97,0.0,0.1983,94,0,1,0,0,gross_basis
EL,2017,V4,1.5698,stable,1.0277,stable,-0.1837,-0.006,1.0277,stable,46.05,0.0,0.1909,94,0,0,0,0,gross_basis
EL,2018,V4,1.5742,stable,1.0855,stable,-0.1848,-0.0179,1.0855,stable,45.14,0.0,0.2014,94,0,0,0,0,gross_basis
EL,2019,V4,1.5553,stable,1.1163,stable,-0.18,-0.0239,1.1163,stable,43.91,0.0,0.1969,94,0,0,0,0,gross_basis
EL,2020,V4,1.545,stable,0.9175,stable,-0.1773,0.0191,0.9175,stable,45.98,0.0,0.1697,94,0,0,0,0,gross_basis
EL,2021,V4,1.4855,stable,0.9092,stable,-0.1616,0.0212,0.9092,stable,45.1,0.0,0.1846,94,0,0,0,0,gross_basis
EL,2022,V4,1.5697,stable,0.8746,stable,-0.1836,0.0301,0.8746,stable,46.51,0.0,0.2229,94,0,0,0,0,gross_basis
EL,2023,V4,1.4925,stable,1.1106,stable,-0.1635,-0.0229,1.1106,stable,41.68,0.0,0.1948,94,0,0,0,0,gross_basis
EL,2024,V4,1.5196,stable,1.1678,stable,-0.1707,-0.0336,1.1678,stable,40.64,0.0,0.1993,94,0,0,0,0,gross_basis
EL,2025,V4,1.5098,stable,1.2075,stable,-0.1681,-0.0406,1.2075,stable,39.27,0.0,0.1993,94,0,0,0,0,gross_basis;ctr_carryforward
EL,2026,V4,1.4873,stable,1.2161,stable,-0.1621,-0.0421,1.2161,stable,38.39,0.0,0.1993,94,0,0,0,0,gross_basis;ctr_carryforward
IE,2009,V4,2.7621,unstable,4.6092,unstable,-0.3902,-0.3273,4.6092,unstable,16.92,0.0,0.1793,97,0,1,0,0,
IE,2010,V4,2.8266,unstable,4.7982,unstable,-0.398,-0.3349,4.7982,unstable,17.14,0.0,0.1854,97,0,1,0,0,
IE,2011,V4,2.8838,unstable,4.9274,unstable,-0.4047,-0.3401,4.9274,unstable,17.8,0.0,0.1767,97,0,1,0,0,
IE,2012,V4,1.8542,stable,2.0332,stable,-0.2455,-0.1647,2.0332,stable,15.26,0.0,0.1831,97,0,0,0,0,
IE,2013,V4,1.8598,stable,2.0008,stable,-0.2467,-0.1613,2.0008,stable,16.26,0.0,0.1892,97,0,0,0,0,
IE,2014,V4,1.874,stable,1.9649,stable,-0.2496,-0.1574,1.9649,stable,20.06,0.0,0.2017,97,0,0,0,0,
IE,2015,V4,1.8502,stable,1.926,stable,-0.2447,-0.153,1.926,stable,20.24,0.0,0.2064,97,0,0,0,0,
IE,2016,V4,2.1406,stable,2.6015,stable,-0.2996,-0.216,2.6015,stable,20.16,0.0,0.2101,97,0,1,0,0,
IE,2017,V4,1.8607,stable,1.9684,stable,-0.2469,-0.1578,1.9684,stable,20.14,0.0,0.2065,97,0,0,0,0,
IE,2018,V4,1.8332,stable,1.895,stable,-0.2411,-0.1495,1.895,stable,20.75,0.0,0.2066,97,0,0,0,0,
IE,2019,V4,2.9371,unstable,4.745,unstable,-0.4109,-0.3327,4.745,unstable,23.34,0.0,0.2107,97,0,1,0,0,
IE,2020,V4,2.1274,stable,2.4882,stable,-0.2974,-0.2066,2.4882,stable,22.4,0.0,0.1912,97,0,1,0,0,
IE,2022,V4,1.8971,stable,1.9164,stable,-0.2543,-0.152,1.9164,stable,23.77,0.0,0.2061,97,0,0,0,0,
IE,2023,V4,2.1685,stable,2.5513,stable,-0.3044,-0.2119,2.5513,stable,23.35,0.0,0.1932,97,0,1,0,0,
IE,2024,V4,1.8421,stable,1.8879,stable,-0.243,-0.1487,1.8879,stable,21.71,0.0,0.1952,97,0,0,0,0,
IE,2025,V4,2.1171,stable,2.534,stable,-0.2956,-0.2104,2.534,stable,21.19,0.0,0.1952,97,0,1,0,0,ctr_carryforward
IE,2026,V4,2.1292,stable,2.5743,stable,-0.2977,-0.2138,2.5743,stable,20.29,0.0,0.1952,97,0,1,0,0,ctr_carryforward
IT,2009,V4,1.3321,stable,1.5222,stable,-0.1321,-0.076,1.5222,stable,10.24,0.0,0.1315,98,0,0,0,1,gross_basis
IT,2010,V4,1.3427,stable,1.5275,stable,-0.1357,-0.0766,1.5275,stable,11.47,0.0,0.1394,98,0,0,0,1,gross_basis
IT,2011,V4,1.3472,stable,1.5287,stable,-0.1372,-0.0767,1.5287,stable,12.07,0.0,0.1415,98,0,0,0,1,gross_basis
IT,2012,V4,1.3549,stable,1.5416,stable,-0.1398,-0.0781,1.5416,stable,12.58,0.0,0.144,98,0,0,0,1,gross_basis
IT,2013,V4,1.3615,stable,1.5562,stable,-0.142,-0.0797,1.5562,stable,12.91,0.0,0.1454,98,0,0,0,1,gross_basis
IT,2014,V4,1.384,stable,1.6985,stable,-0.1494,-0.0943,1.6985,stable,8.88,0.0,0.1536,98,0,0,0,1,gross_basis
IT,2015,V4,1.3874,stable,1.7473,stable,-0.1505,-0.0991,1.7473,stable,6.68,0.0,0.1502,98,0,0,0,1,gross_basis
IT,2016,V4,1.3906,stable,1.7483,stable,-0.1516,-0.0992,1.7483,stable,7.05,0.0,0.154,98,0,0,0,1,gross_basis
IT,2017,V4,1.3878,stable,1.7406,stable,-0.1507,-0.0985,1.7406,stable,6.96,0.0,0.1522,98,0,0,0,1,gross_basis
IT,2018,V4,1.4231,stable,1.7226,stable,-0.162,-0.0967,1.7226,stable,15.87,0.0,0.1519,98,0,0,0,1,gross_basis
IT,2019,V4,1.5483,stable,1.4277,stable,-0.1997,-0.065,1.4277,stable,41.99,0.0,0.155,98,0,0,0,1,gross_basis
IT,2020,V4,1.635,stable,1.2322,stable,-0.2237,-0.0389,1.2322,stable,51.07,0.0,0.1457,98,0,0,0,1,gross_basis
IT,2021,V4,2.1048,stable,2.0889,unstable,-0.3305,-0.1285,2.0889,unstable,55.7,0.0,0.1614,98,0,1,0,1,gross_basis
IT,2022,V4,1.7781,stable,1.4265,stable,-0.26,-0.0649,1.4265,stable,52.57,0.0,0.143,98,0,0,0,1,gross_basis
IT,2023,V4,1.788,stable,1.5198,stable,-0.2624,-0.0757,1.5198,stable,51.85,0.0,0.1443,98,0,0,0,1,gross_basis
IT,2024,V4,1.6635,stable,1.516,stable,-0.2312,-0.0753,1.516,stable,45.86,0.0,0.1509,98,0,0,0,1,gross_basis
IT,2025,V4,6.8599,unstable,391.0569,unstable,-0.7209,-0.6515,391.0569,unstable,49.67,0.0,0.1533,98,0,1,0,1,gross_basis
IT,2026,V4,1.7831,stable,1.5603,stable,-0.2612,-0.0801,1.5603,stable,49.78,0.0,0.1533,98,0,0,0,1,gross_basis;ctr_carryforward
LU,2009,V4,,undefined,,undefined,-4.9189,-10.1953,,undefined,71.94,0.0,0.2893,95,0,11,0,0,
LU,2010,V4,,undefined,,undefined,-4.9199,-10.265,,undefined,72.45,0.0,0.2934,95,0,11,0,0,
LU,2011,V4,,undefined,,undefined,-5.2451,-11.5364,,undefined,72.57,0.0,0.3049,95,0,13,0,0,
LU,2012,V4,,undefined,,undefined,-5.2765,-11.1893,,undefined,72.34,0.0,0.3161,95,0,13,0,0,
LU,2013,V4,,undefined,,undefined,-5.2878,-11.2838,,undefined,72.64,0.0,0.329,95,0,13,0,0,
LU,2014,V4,,undefined,,undefined,-5.302,-11.7853,,undefined,73.24,0.0,0.3494,95,0,13,0,0,
LU,2015,V4,,undefined,,undefined,-4.926,-10.065,,undefined,72.13,0.0,0.2809,95,0,11,0,0,
LU,2016,V4,,undefined,,undefined,-4.9267,-10.1214,,undefined,72.35,0.0,0.2852,95,0,11,0,0,
LU,2017,V4,,undefined,,undefined,-4.9141,-9.3701,,undefined,70.81,0.0,0.2919,95,0,11,0,0,
LU,2018,V4,,undefined,,undefined,-4.4356,-8.447,,undefined,71.52,0.0,0.3063,95,0,10,0,0,
LU,2019,V4,,undefined,,undefined,-4.9189,-9.6624,,undefined,71.62,0.0,0.3067,95,0,11,0,0,
LU,2020,V4,6.6424,stable,0.058,stable,-0.637,1.0744,0.058,stable,81.75,0.0,0.3262,95,0,0,0,0,
LU,2021,V4,6.795,stable,0.0729,stable,-0.6427,0.9711,0.0729,stable,81.7,0.0,0.3388,95,0,0,0,0,
LU,2022,V4,,undefined,,undefined,-1.8255,-5.3321,,undefined,81.15,0.0,0.3316,95,0,3,0,0,
LU,2023,V4,,undefined,,undefined,-1.7615,-5.4499,,undefined,81.46,0.0,0.3017,95,0,4,0,0,
LU,2024,V4,9.9477,stable,0.0253,unstable,-0.7346,1.3848,0.0253,unstable,82.84,0.0,0.3017,95,0,1,0,0,
LU,2025,V4,,undefined,,undefined,-1.2098,-3.3794,,undefined,83.13,0.0,0.3026,95,0,2,0,0,
LU,2026,V4,9.0407,stable,-0.0,stable,-0.7133,4.7311,-0.0,stable,83.47,0.0,0.3026,95,0,0,0,0,ctr_carryforward
NL,2009,V4,,undefined,4367.0332,undefined,-2.81,-0.8381,4367.0332,undefined,91.72,0.0,0.2024,95,5,5,0,1,
NL,2010,V4,,undefined,322.1874,undefined,-2.9902,-0.8097,322.1874,undefined,91.95,0.0,0.2008,95,5,4,1,1,
NL,2011,V4,,undefined,315.9515,undefined,-2.7734,-0.8091,315.9515,undefined,91.7,0.0,0.1927,95,5,4,1,1,
NL,2012,V4,,undefined,16050.0645,undefined,-2.2025,-0.8528,16050.0645,undefined,91.65,0.0,0.1857,95,5,3,0,1,
NL,2013,V4,,undefined,15395.1207,undefined,-3.2482,-0.8514,15395.1207,undefined,91.74,0.0,0.1905,95,5,2,1,1,
NL,2014,V4,,undefined,20310.6478,undefined,-2.311,-0.8598,20310.6478,undefined,91.5,0.0,0.1927,95,5,2,0,1,
NL,2015,V4,,undefined,26354.4772,undefined,-1.9464,-0.8677,26354.4772,undefined,91.48,0.0,0.1964,95,5,1,1,1,
NL,2016,V4,,undefined,29292.6106,undefined,-1.9087,-0.8704,29292.6106,undefined,90.63,0.0,0.2075,95,4,1,1,1,
NL,2017,V4,,undefined,25850.9609,undefined,-1.9594,-0.8672,25850.9609,undefined,90.65,0.0,0.2081,95,5,2,1,1,
NL,2018,V4,,undefined,24979.5252,undefined,-1.997,-0.8663,24979.5252,undefined,90.79,0.0,0.2114,95,5,1,1,1,
NL,2019,V4,,undefined,267.9332,undefined,-8.144,-0.8044,267.9332,undefined,90.73,0.0,0.2202,95,5,5,3,1,
NL,2020,V4,,undefined,130982.2853,undefined,-1.473,-0.8905,130982.2853,undefined,90.13,0.0,0.2292,95,2,2,1,1,
NL,2021,V4,,undefined,,undefined,-1.386,-0.9,,undefined,89.54,0.0,0.2282,95,2,2,1,1,
NL,2022,V4,,undefined,278.0988,undefined,-8.0829,-0.8055,278.0988,undefined,89.68,0.0,0.2082,95,5,5,4,1,
NL,2023,V4,,undefined,275.1781,undefined,-8.0988,-0.8052,275.1781,undefined,89.64,0.0,0.2004,95,5,5,4,1,
NL,2024,V4,,undefined,258.7711,unstable,-8.2336,-0.8033,258.7711,unstable,91.07,0.0,0.2026,95,6,5,0,1,
NL,2025,V4,,undefined,257.6918,unstable,-8.2409,-0.8032,257.6918,unstable,91.24,0.0,0.2026,95,5,5,0,1,ctr_carryforward
NL,2026,V4,,undefined,251.3343,unstable,-8.3043,-0.8023,251.3343,unstable,91.56,0.0,0.2026,95,6,5,0,1,ctr_carryforward
PT,2009,V4,,undefined,,undefined,-1.3419,-2.1493,,undefined,75.2,0.0,0.1829,99,0,1,0,1,
PT,2010,V4,4.7619,stable,0.1988,stable,-0.5138,0.6491,0.1988,stable,75.22,0.0,0.1863,99,0,0,0,1,
PT,2011,V4,9.0323,unstable,1.3354,unstable,-0.6773,-0.0763,1.3354,unstable,75.01,0.0,0.1949,99,0,1,0,1,
PT,2012,V4,3.7575,stable,0.2292,stable,-0.4414,0.569,0.2292,stable,74.95,0.0,0.1948,99,0,0,0,1,
PT,2013,V4,3.2162,stable,0.4509,stable,-0.3914,0.2668,0.4509,stable,72.82,0.0,0.1929,99,0,0,0,1,
PT,2014,V4,3.2687,stable,0.4434,stable,-0.3966,0.2734,0.4434,stable,73.04,0.0,0.1991,99,0,0,0,1,
PT,2015,V4,3.2043,stable,0.4441,stable,-0.3902,0.2727,0.4441,stable,72.98,0.0,0.2065,99,0,0,0,1,
PT,2016,V4,3.837,stable,0.2754,stable,-0.448,0.4738,0.2754,stable,74.9,0.0,0.2131,99,0,0,0,1,
PT,2017,V4,2.7865,stable,0.2034,stable,-0.3464,0.636,0.2034,stable,74.14,0.0,0.2259,99,0,0,0,1,
PT,2018,V4,2.7618,stable,0.2126,stable,-0.3436,0.611,0.2126,stable,73.95,0.0,0.2234,99,0,0,0,1,
PT,2019,V4,2.6552,stable,0.2237,stable,-0.3311,0.5824,0.2237,stable,73.54,0.0,0.2246,99,0,0,0,1,
PT,2020,V4,2.5679,stable,0.2383,stable,-0.3203,0.548,0.2383,stable,73.06,0.0,0.2088,99,0,0,0,1,
PT,2021,V4,2.5184,stable,0.272,stable,-0.314,0.4796,0.272,stable,72.57,0.0,0.2212,99,0,0,0,1,
PT,2022,V4,2.3759,stable,0.3165,stable,-0.295,0.4107,0.3165,stable,71.66,0.0,0.2226,99,0,0,0,1,
PT,2023,V4,2.4893,stable,0.2436,stable,-0.3103,0.5361,0.2436,stable,73.57,0.0,0.2174,99,0,0,0,1,
PT,2024,V4,2.252,stable,0.3646,stable,-0.2774,0.3519,0.3646,stable,70.46,0.0,0.2241,99,0,0,0,1,
PT,2025,V4,2.2014,stable,0.391,stable,-0.2702,0.3234,0.391,stable,69.88,0.0,0.2272,99,0,0,0,1,
PT,2026,V4,2.193,stable,0.3992,stable,-0.269,0.3151,0.3992,stable,69.72,0.0,0.2272,99,0,0,0,1,ctr_carryforward
ES,2009,V4,1.3739,stable,1.1169,stable,-0.1427,-0.0259,1.1169,stable,35.53,0.0,0.0859,98,0,0,0,0,
ES,2010,V4,1.3813,stable,1.0889,stable,-0.1451,-0.02,1.0889,stable,36.95,0.0,0.1171,98,0,0,0,0,
ES,2011,V4,1.3721,stable,1.0842,stable,-0.1421,-0.019,1.0842,stable,36.54,0.0,0.1095,98,0,0,0,0,
ES,2012,V4,1.3924,stable,1.1057,stable,-0.1486,-0.0235,1.1057,stable,36.83,0.0,0.111,98,0,0,0,0,
ES,2013,V4,1.4154,stable,1.1174,stable,-0.1557,-0.026,1.1174,stable,37.8,0.0,0.1282,98,0,0,0,0,
ES,2014,V4,1.4242,stable,1.1217,stable,-0.1584,-0.0269,1.1217,stable,38.15,0.0,0.1345,98,0,0,0,0,
ES,2015,V4,1.4176,stable,1.1108,stable,-0.1564,-0.0246,1.1108,stable,38.31,0.0,0.1433,98,0,0,0,0,
ES,2016,V4,1.4113,stable,1.104,stable,-0.1545,-0.0232,1.104,stable,38.28,0.0,0.1437,98,0,0,0,0,
ES,2017,V4,1.4144,stable,1.1058,stable,-0.1554,-0.0236,1.1058,stable,38.39,0.0,0.1457,98,0,0,0,0,
ES,2018,V4,1.4151,stable,1.1087,stable,-0.1556,-0.0242,1.1087,stable,38.35,0.0,0.1481,98,0,0,0,0,
ES,2019,V4,1.4239,stable,1.112,stable,-0.1583,-0.0249,1.112,stable,39.04,0.0,0.1461,98,0,0,0,0,
ES,2020,V4,,undefined,898.5245,undefined,-3.9969,-0.7246,898.5245,undefined,74.6,0.0,0.1386,98,4,2,0,0,
ES,2021,V4,,undefined,863.7091,undefined,-3.8292,-0.7241,863.7091,undefined,73.96,0.0,0.1544,98,2,2,0,0,
ES,2022,V4,,undefined,227.099,undefined,-8.736,-0.6924,227.099,undefined,80.11,0.0,0.1521,98,6,2,6,0,
ES,2023,V4,,undefined,650.8781,undefined,-4.4487,-0.7195,650.8781,undefined,76.47,0.0,0.1405,98,5,2,0,0,
ES,2024,V4,,undefined,766.3733,undefined,-4.0219,-0.7223,766.3733,undefined,76.18,0.0,0.1444,98,4,2,0,0,
ES,2025,V4,,undefined,853.08,undefined,-5.7396,-0.7239,853.08,undefined,77.04,0.0,0.1444,98,5,2,0,0,ctr_carryforward
ES,2026,V4,,undefined,198.335,undefined,-7.451,-0.6879,198.335,undefined,78.24,0.0,0.1444,98,6,5,0,0,ctr_carryforward
SE,2009,V4,3.4427,stable,4.3259,stable,-0.3513,-0.1696,4.3259,stable,51.41,0.0,0.2112,100,0,0,0,1,
SE,2010,V4,3.4343,stable,4.412,stable,-0.3505,-0.1714,4.412,stable,51.06,0.0,0.2156,100,0,0,0,1,
SE,2011,V4,3.3843,stable,4.2597,stable,-0.3458,-0.1681,4.2597,stable,50.77,0.0,0.2071,100,0,0,0,1,
SE,2012,V4,3.3376,stable,4.1267,stable,-0.3414,-0.165,4.1267,stable,50.5,0.0,0.1996,100,0,0,0,1,
SE,2013,V4,3.3297,stable,4.1113,stable,-0.3407,-0.1647,4.1113,stable,50.43,0.0,0.195,100,0,0,0,1,
SE,2014,V4,3.2852,stable,4.0733,stable,-0.3364,-0.1638,4.0733,stable,49.92,0.0,0.1934,100,0,0,0,1,
SE,2015,V4,3.323,stable,4.1601,stable,-0.34,-0.1658,4.1601,stable,50.21,0.0,0.1978,100,0,0,0,1,
SE,2016,V4,3.4803,stable,4.8256,stable,-0.3547,-0.1796,4.8256,stable,50.77,0.0,0.2055,100,0,0,0,1,
SE,2017,V4,3.5053,stable,4.9269,stable,-0.357,-0.1815,4.9269,stable,50.89,0.0,0.2066,100,0,0,0,1,
SE,2018,V4,3.5016,stable,4.8594,stable,-0.3567,-0.1802,4.8594,stable,50.99,0.0,0.2077,100,0,0,0,1,
SE,2019,V4,3.4171,stable,4.4594,stable,-0.3489,-0.1724,4.4594,stable,50.81,0.0,0.2071,100,0,0,0,1,
SE,2020,V4,2.4454,stable,2.4692,stable,-0.2443,-0.113,2.4692,stable,41.59,0.0,0.2106,100,0,0,0,1,
SE,2021,V4,3.3093,stable,3.994,stable,-0.3387,-0.1618,3.994,stable,50.37,0.0,0.2104,100,0,0,0,1,
SE,2022,V4,3.2824,stable,4.0401,stable,-0.3361,-0.163,4.0401,stable,49.8,0.0,0.2023,100,0,0,0,1,
SE,2023,V4,3.112,stable,3.5349,stable,-0.3192,-0.1495,3.5349,stable,49.0,0.0,0.185,100,0,0,0,1,
SE,2024,V4,3.0708,stable,3.5665,stable,-0.3149,-0.1504,3.5665,stable,48.27,0.0,0.1794,100,0,0,0,1,
SE,2025,V4,2.9664,stable,3.2586,stable,-0.304,-0.1415,3.2586,stable,47.73,0.0,0.1727,100,0,0,0,1,
SE,2026,V4,2.8963,stable,3.1127,stable,-0.2964,-0.1371,3.1127,stable,47.18,0.0,0.1727,100,0,0,0,1,ctr_carryforward
