country,eff_demogrant,tradeoff_demogrant,eff_workingpoor,tradeoff_workingpoor,Dd_equals_Dw
AT,-0.15643616110415792,1.5727210158202705,-0.15643616110415792,2.163071584656674,True
BE,-0.24613111439581958,1.8729623766620658,-0.24613111439581958,3.4503051516030303,True
DK,-0.22935914180113776,2.314988798937049,-0.2293591418011378,4.752136036118038,True
FI,-0.23549456033719335,2.1102352245199887,-0.2354945603371934,6.316990070498829,True
FR,-0.17421706908227913,1.6112799401307218,-0.17421706908227907,2.38549164347912,True
GE,-0.18990595409343541,1.7171592248873724,-0.18990595409343536,2.673595110946215,True
GR,-0.09630937578549816,1.264109953745304,-0.09630937578549814,1.5922636614177241,True
IR,-0.14093703597661103,1.415148171531172,-0.140937035976611,1.8225646880907622,True
IT,-0.16358916528651776,1.4281606507879208,-0.1635891652865178,2.6246336130412944,True
LU,-0.1240668075888731,1.3804713388029441,-0.12406680758887312,1.7093052308442607,True
NL,-0.15374937426029245,1.5608440471430693,-0.15374937426029245,2.1008457077323985,True
PT,-0.1309644035673083,1.4434119974790585,-0.13096440356730832,1.678139654626134,True
SP,-0.06742053242777574,1.1598909561354211,-0.06742053242777568,1.3426468081417717,True
SW,-0.21743670908169443,2.2295092434412034,-0.21743670908169443,7.475891715998334,True
UK,-0.09404285723734371,1.2962625417326268,-0.09404285723734374,1.4763736621253365,True
