country,eff_demogrant_a,tradeoff_demogrant_a,eff_workingpoor_a,tradeoff_workingpoor_a,eff_demogrant_b,tradeoff_demogrant_b,eff_workingpoor_b,tradeoff_workingpoor_b
AT,-0.37590946889593657,3.039278384973831,-0.08430731560490834,1.4982571715887802,-0.2864325143994364,2.303683937458146,-0.04927232706711959,1.263838281974444
BE,-0.5707857513040795,4.834748226573602,-0.13521259415212517,1.9303045608251557,-0.5102838650680859,3.9577927957615744,-0.030211698193576164,1.1526177652251628
DK,-0.8231047833553419,25.25221745157709,1.6543369984950789,-1.5143535314621204e-09,-0.8386792166308715,28.096798145912587,-3.44823837150788,nan
FI,-0.5821851473776432,6.168035000447428,-0.20948227864602542,4.92826297049664,-0.45445595904475616,4.089656406406484,-0.20339153020156275,4.648044051994233
FR,-0.508455256871489,4.318972720146476,0.06517657349058759,0.7607527399432734,-0.3897481694447607,2.9787981420612315,-0.026940658980649346,1.1286933893860183
GE,-0.5012641346548076,4.375493702414404,-0.12396436992253523,1.8864022942079168,-0.41919258471047316,3.380067491250271,-0.06729334671527176,1.4015946839558295
GR,-0.20626376283537767,1.662423629295628,-0.054975453911923045,1.2935289379195154,-0.16143339599411488,1.4846934305802448,-0.06524612689544262,1.3602166334613175
IR,-0.38673721583000975,2.734264964820966,0.26302947857617887,0.3859674808874418,-0.26680511919728656,1.9607358325600865,0.02344483133460784,0.9112744423273633
IT,-0.32397369063584097,2.0712646089702673,-0.11798041866067666,1.957320504865994,-0.26624159918697765,1.8041281581261024,-0.10878884274519218,1.8511526389222364
LU,-0.25634982664414996,1.9824769224667949,-0.06141808767188495,1.2890633322901546,-0.19779390419570755,1.6863634525107907,-0.06047884782420965,1.2838901808771381
NL,-0.3596226948492321,2.880833946294592,-0.06663834346476993,1.3729720192151806,-0.28363048363395704,2.2836548896769857,0.01622472282160259,0.9269436836552756
PT,-0.29024827596180147,2.3418240365110154,0.0035057627669794478,0.9876349540837047,-0.25257617205006677,2.0830958467103997,-0.009688119683587626,1.0353204153679925
SP,-0.1870017666162647,1.52195780326695,0.0022452214971420137,0.990565027915548,-0.13697040215437808,1.3559577893814827,-0.005325133957868711,1.0228066587494014
SW,-0.619272141196514,8.348898819797617,-0.17037939652943268,4.364003656965881,-0.42075565680878996,4.281153408140581,-0.2008026432544897,6.2051020595145046
UK,-0.22455560170287123,1.8794416718510814,-0.014519765150957209,1.060184285032006,-0.17703680718169415,1.6379373981710144,-0.004438460070552264,1.0179474733821843
