country,eff_demogrant,tradeoff_demogrant,eff_workingpoor,tradeoff_workingpoor,share_pop_gaining_demogrant,share_emp_gaining_workingpoor
AT,-0.37590946889593657,3.039278384973831,-0.08430731560490834,1.4982571715887802,0.37259603997839025,0.49948745648902176
BE,-0.5707857513040795,4.834748226573602,-0.13521259415212517,1.9303045608251557,0.3913291514460719,0.49099382290772675
DK,-0.8231047833553419,25.25221745157709,1.6543369984950789,-1.5143535314621204e-09,0.19186138821232257,1.0
FI,-0.5821851473776432,6.168035000447428,-0.20948227864602542,4.92826297049664,0.2696198116498082,0.3980626502971866
FR,-0.508455256871489,4.318972720146476,0.06517657349058759,0.7607527399432734,0.3686847217414742,0.6998153651112767
GE,-0.5012641346548076,4.375493702414404,-0.12396436992253523,1.8864022942079168,0.3366009303551477,0.40179762065426555
GR,-0.20626376283537767,1.662423629295628,-0.054975453911923045,1.2935289379195154,0.48206583027438016,0.5998811758909984
IR,-0.38673721583000975,2.734264964820966,0.26302947857617887,0.3859674808874418,0.4556263282498031,0.7184594325607442
IT,-0.32397369063584097,2.0712646089702673,-0.11798041866067666,1.957320504865994,0.4966348130572302,0.49755368447439974
LU,-0.25634982664414996,1.9824769224667949,-0.06141808767188495,1.2890633322901546,0.4464956048492875,0.5997352021300095
NL,-0.3596226948492321,2.880833946294592,-0.06663834346476993,1.3729720192151806,0.3910205747703228,0.4998935179023027
PT,-0.29024827596180147,2.3418240365110154,0.0035057627669794478,0.9876349540837047,0.40072671457439357,0.6995415607367212
SP,-0.1870017666162647,1.52195780326695,0.0022452214971420137,0.990565027915548,0.5301484794912195,0.5914769023369891
SW,-0.619272141196514,8.348898819797617,-0.17037939652943268,4.364003656965881,0.2213322091062394,0.39973454751843096
UK,-0.22455560170287123,1.8794416718510814,-0.014519765150957209,1.060184285032006,0.4666693614764325,0.5998915466312651
